,date,content,reactions count,comments count,shares count,comments,username,job title
0,3 weeks ago," We were delighted to host Senior Minister of State Kiat How Tan to the #ByteDance Singapore office! SMS Tan met with our very own ByteDance tech talents and had an engaging discussion on ideas to develop local tech talent and grow the sector. Singapore is a key global node for ByteDance in our mission to inspire creativity and enrich life. We are excited to continue supporting the growth of the digital ecosystem in this dynamic region!  Growing up in a multiracial and multicultural country, Singaporeans are often better able to work in teams with people from different races and nationalities. This cultural adaptability has attracted multinational companies like ByteDance, which is the parent company of the popular TikTok platform to set upÂ their key global nodeÂ here.Â Had a good chat with the ByteDance tech talents on Monday, where we had a lively discussion on how we can better groom our local talents, and grow the digital ecosystem. I was glad to know that amid ByteDanceâ€™s rapid expansion, there is a strong and dynamic Singaporean core at their office.Â Itâ€™s definitely an exciting time to be in the tech sector. I look forward to meeting more of our tech talents and get their views on how we can better grow this sector.",79,1,0,{'comment1': 'Cong Zhao looking awesome!'},"{'username1': 'Patricia Yang, HRBP'}","{'job_title1': 'Chief People Ambassador Trusted to Build and Expand, From 0 to 1 #OrdinaryMind #AlwaysDay1'}"
1,2 months ago," Our collaboration tool Lark was started with the aim of creating a solution that could provide a fully integrated work experience for smoother communication. With chats, meetings, calendars, docs, and emails all in one platform, Lark aims to help teams do their best work together.We're hiring for numerous positions across the globe, check out opportunities at Lark here: https://lnkd.in/gQ4NZxiv#hiring",1,48,65,"{'comment1': 'Lol, 90% of the â€œpositiveâ€ comments here are from employees. ğŸ¤”I tried using it about 2 years ago on MacOS and I wouldnâ€™t say it was a good experience at all. It was buggy to even start with ğŸ˜°', 'comment2': ""I've always struggled communicating with our entire organization under a single app in the past years. Trying Lark for the last 8 months have made everything work, it's our go to app now for a 1000+ workforce even for personal communication matters."", 'comment3': 'Since I started using it a month ago after joining the company, I am totally amazed by how efficient, effective and user friendly it is vs MS Team and Outlook for communication. On top of it, its really fun especially with emoji/reactions to messages! Lastly, onboarding is done through Lark which greatly reduces all the efforts needed for accessing multiple systems to get everything you need done - although the user guide could be improved to make some steps clearer :)', 'comment4': 'Really agree, it will be a really helpful app for work. Combines chats, video meetings, docs and so many helpful features. Yet, still needs a lot of improvements. ', 'comment5': ""Lark is the most user friendly workplace tool I have ever used. It's an industry changer."", 'comment6': 'Hello respected madam can you please help me somehow... I am an artist named NOIZY BROTHERS my song is very viral on tiktok. It has over 2.5million videos created using my song. But unfortunately as you know tiktok is not working in INDIA hence i am  not able to claim the song as i am the artist ... Could you somehow help me? This is my email noizybrothers10@gmail.com ', 'comment7': 'ç»§ç»­æœŸå¾…ï¼', 'comment8': ""I'm interested"", 'comment9': 'Sarah Wang live, laugh, lark', 'comment10': 'What I miss most about working at TikTok', 'comment11': ""I'm interested"", 'comment12': ""I'm interested"", 'comment13': 'Welcome Lark! ', 'comment14': 'Mashup Branding https://www.youtube.com/watch?v=0EFRTyonBn0', 'comment15': 'https://anchor.fm/doshanay-boochee/episodes/Choose-your-Happiness-e1iig6bhttps://anchor.fm/doshanay-boochee/episodes/Bae-e1ihcjn #instagood #intagramreels #podcasting #inspiration #instadaily #blackexcellence #instawedding #inspiring #podcastlife #podcastproduction #levelingup #Levels #leveledup #motherhood #mother #diy #dontstop #dontgiveup #challenge', 'comment16': 'Now that Iâ€™ve worked with lark I honestly donâ€™t know how I could ever go back to other tools without feeling frustrated. The ability to have everything I need in one space has changed the way I work for the better!!', 'comment17': 'A great platform to communicate among the organisation. ByteDance', 'comment18': 'Based on my experience, Lark is a practical, secure and a professional appğŸ‘', 'comment19': 'I miss the times working on Lark.I feel annoying for log in every 14days on PC version.', 'comment20': 'Itâ€™s quite amazing what Lark has become. Miles ahead of Slack or Teams', 'comment21': 'Best internal comm system I ever had, seen and used. Lark is #1 in its field. Great job Lark! Go Bytedance', 'comment22': 'Is it like Teams or?', 'comment23': 'I like lark, we use it everyday :) I recommend !', 'comment24': 'I can no longer imagine what it would be like to work without Lark ^^Absolutely in love with this tool', 'comment25': 'This software is so much better than any Iâ€™ve used in previous companies. I honestly can only say great things about Lark ğŸ‘', 'comment26': 'This is an incredibly efficient tool. Bright future ahead', 'comment27': 'Love Lark! <3', 'comment28': ""Totally amazing, can't imagine using any other app for professional team work"", 'comment29': 'Can confirm emojis are great. But the 4th emoji is my favourite. iOS should integrate it to their keyboard ğŸŒš', 'comment30': 'Best platform Iâ€™ve used in my career, and Iâ€™ve used them all!', 'comment31': 'Word of caution, constant use of Lark emoji can get addictive. [Lol]', 'comment32': ""I'm interested!!"", 'comment33': 'Best corporate tool Iâ€™ve ever used. So slick and convenient. All your work in one place.\xa0', 'comment34': 'People should know more about Lark, it is better than Teams...but i like Ding too ğŸ˜Š', 'comment35': 'We all miss lark', 'comment36': 'That first emoji is indeed one of my most used ğŸ˜‚', 'comment37': 'Lark is one of the best ByteDance tool i have used so far.', 'comment38': 'Go Lark !', 'comment39': 'Love Lark!!', 'comment40': 'Excellent product!', 'comment41': 'Amo o Lark!', 'comment42': 'Can confirm. Lark is dope.', 'comment43': 'Excellent solution!', 'comment44': 'Interested to join!', 'comment45': 'I miss Lark! ğŸ’”', 'comment46': 'I miss working on Lark'}","{'username1': 'Jimmy C.', 'username2': 'Ian Madrid', 'username3': 'Wesley Tan', 'username4': 'Muhammad Afif', 'username5': 'Victoria Dobbie', 'username6': 'Rohan Shiralkar', 'username7': 'Hongjie Wang', 'username8': 'Subhra Biswas', 'username9': 'Lachlan Ma ğŸ›¸', 'username10': 'Sarah Wang', 'username11': 'neeraj tiwari', 'username12': 'Saurabh D.', 'username13': 'Afroza Akhi', 'username14': 'Johnny Mango', 'username15': 'Doshanay Boochee', 'username16': 'Vanessa G.', 'username17': 'Sri Ganeesh Kovalan', 'username18': 'MOHAMED EL GHAZY', 'username19': 'YE KO KO HTET -', 'username20': 'Ankur Tripathi', 'username21': 'Mikael RÃ¥dÃ¶', 'username22': 'Michael Spencer', 'username23': 'Lakshminarayanan Vijayaraghavan', 'username24': 'Jan SchÃ¶neberger', 'username25': 'Clodagh Graham ğŸ‡®ğŸ‡ª', 'username26': 'Guillermo de la Hera Casado', 'username27': 'Matthew H.', 'username28': 'Zaineb A. Kareem', 'username29': 'Ying Kai Ng', 'username30': 'David K.', 'username31': 'Victor L.', 'username32': 'Zakhary Kwik', 'username33': 'Artur Stepanov', 'username34': 'Elisa Toshie Saito', 'username35': 'Niladri Shankar Roy', 'username36': 'Clarice Sheng', 'username37': 'Tanmay Wagh', 'username38': 'Max Zhong (he/him/his)', 'username39': 'Alice Espeschit Dayrell', 'username40': 'Jonathan Lopez ç½—å¿—æˆ', 'username41': 'Denise Couvre', 'username42': 'Alicia Wagoner', 'username43': 'Daniela Rodriguez Balcazar', 'username44': 'Amit Singh', 'username45': 'Swapni Mehta', 'username46': 'Joy Sahoo'}","{'job_title1': 'Ex-Unicorns | Regional Marketing | Partnership', 'job_title2': 'Founder at Texxen | Web3, Blockchain and BPO in the Philippines', 'job_title3': 'Digital Payment Product Leader (card/e-wallet/gateway/cross-border/acquiring/POS/QR/NFC) | PMP & SAFe PO/PM Certified | Ex-Visa/Worldpay/NETS/SingTel/StarHub/M1', 'job_title4': 'Bachelor of International Relations of Andalas University', 'job_title5': 'Client Solutions Manager @TikTok - DACH & NL', 'job_title6': '--', 'job_title7': 'Tecnocampus', 'job_title8': 'Associate Analyst at Vaco Binary Semantics LLP', 'job_title9': 'Talent Acquisition @ TikTok', 'job_title10': 'Product Marketing Manager Intern at Microsoft | Bruin Ambassador at UCLA Undergraduate Admission', 'job_title11': 'content modrater', 'job_title12': 'Lead Tech Support, RHCSA Certified, IT Service Management, Vendor Management, ITIL V4 certified', 'job_title13': 'Major Incident Manager at Nike', 'job_title14': 'Online Branding', 'job_title15': '--', 'job_title16': 'Art Director - DEI Activist - Entrepreneur', 'job_title17': 'Content Moderator, Advisor', 'job_title18': 'Quality Analyst (QA) at Majorel Africa', 'job_title19': 'Seeking opportunity in Financial Field', 'job_title20': 'Writing, designing and storytelling content to amplify brands, pitch ideas, create learnings, and up-skill talent', 'job_title21': 'Agency Partnerships Manager at TikTok', 'job_title22': 'Indie Writer #1 Machine Learning Newsletter AiSupremacy | Tap the ğŸ”” on my profile', 'job_title23': 'Software Engineer at ByteDance/Tiktok', 'job_title24': 'Client Solutions Manager @TikTok | Finance & Insurance (DACH & NL)', 'job_title25': 'UK Trending Search Specialist at âœ¨TikTokâœ¨', 'job_title26': 'Product Analytics - METAP at TikTok', 'job_title27': 'LTK Client Partner, Ex-TikTok, Influencer Advisor for DTC Brands, Creator Marketing, Sports, Mentor âœ¨', 'job_title28': 'Translator & Interpreter (English-Arabic) MA in Translation Theories | Lecturer | Researcher | Social Media Manager', 'job_title29': 'Quality Assurance Engineer at ByteDance (TikTok)', 'job_title30': 'Hiring - Global Infrastructure Engineering and Operations Leader at ByteDance | TikTok (ex MSFT, GDDY, NOW)', 'job_title31': 'Fraud & Risk Specialist | Quality Assurance (Trust and Safety- Market Specialist)', 'job_title32': 'Graduate trainee in UBS SUPER 2022', 'job_title33': 'Head of TikTok Live in Eastern Europe', 'job_title34': 'Marketing â”‚ Branding â”‚ LiveShopping â”‚ Digital Inovation Extensive strategy experience in kids, premium and geek market.', 'job_title35': 'Video Creative Lead - Josh App (Verse) | Ex- Times Internet, ByteDance, TVF | Entertainment | Content | Creative |', 'job_title36': 'Powering the Creator Economy', 'job_title37': 'Software Engineer at ByteDance/Tiktok', 'job_title38': 'Certified CSMï½œSaaS | Diversity and Inclusion Advocate', 'job_title39': 'Procurement Manager at ByteDance / TikTok - Latam', 'job_title40': 'TikTok LATAM at ByteDance å­—èŠ‚è·³åŠ¨ I Schwarzman Scholar, Tsinghua MSc æ¸…åå¤§å­¦è‹ä¸–æ°‘ä¹¦é™¢ I McGill BA', 'job_title41': 'Quality Latam Manager - Monetization Integrity', 'job_title42': 'HR Generalist at TikTok // ByteDance ğŸ¶', 'job_title43': 'Strategic Sales Manager - SMB at TikTok', 'job_title44': 'Hindi Content Specialist at Inshorts', 'job_title45': 'Employer Branding & Recruitment Marketing at CrowdRiff || ex-Capgemini, TikTok', 'job_title46': 'Revenue Driven Storyteller | ISB'}"
2,1 month ago," Hey engineers, are you preparing for your technical #interviews at #bytedance ?ğŸ¤”Then make sure you donâ€™t miss out on this advice from our colleagues in the ByteDance #singapore office! In this video, they share some tips and advice on how to ace your interviews from their own experiences! ğŸ“ #codinginterview #interviewtips Our technology teams keep growing! Join us in our mission to inspire creativity and enrich life. Check out our open roles here ğŸ‘¨â€ğŸ’»:https://lnkd.in/eCrksTky---Do you want to watch more ByteDance videos? â–¶ï¸ https://lnkd.in/eibJmy4N",311,5,35,"{'comment1': 'Interested', 'comment2': 'Very informative guide!', 'comment3': 'Would love to see remote positions.', 'comment4': 'Great opportunity', 'comment5': 'This is such a good method of helping potential candidates prepare!'}","{'username1': 'Bibhakar Rai', 'username2': 'Vin W.', 'username3': 'Patricia Chang, MPM', 'username4': 'Symoon Zadid', 'username5': 'Shreyas Choubey'}","{'job_title1': 'Academic Researcher at Ways2excel', 'job_title2': 'Seasoned Data Science Manager', 'job_title3': 'Master Project Manager, PPM Leader', 'job_title4': 'Associate Software Engineer at Brain Station 23 | iOS | Problem Solver | Competitive Programmer', 'job_title5': 'Computer Science @ University of Minnesota | Seeking Full Time Software Engineering role | C#/C++, Python, JS, Java | 2022 Grad'}"
3,1 month ago," Recently, we put our ByteDancers from Japan in the hot seat and asked them some difficult questions on everyone's minds. What is our culture like, and how do we work together?-----Check out the last two videos of our Tokyo edition of Ask ByteDancers Anything - what is it really like to work here?â© How we work together: http://ms.spr.ly/6188b9bUEâ© Our culture: http://ms.spr.ly/6189b9bU1",320,3,11,{},{},{}
4,7 months ago," On the first day of 2022, we want to say thank you to all the ByteDancers around the world who are blazing a new trail together. We're proud to have each and every one of you on our team.  As we reflect on 2021 and celebrate what we've achieved, we're excited and humbled to know that we are still in the early chapters of our story, and it's up to us to determine what will be written on the pages.  Happy New Year, and just as our New Year gift box says, here's to #MuchMoreToCome in 2022!#ByteDance #NewYear",1,19,28,{},{},{}
5,3 months ago," From kittens to fish and everything in between, check out some of the sweet messages and favorite memories ByteDancers have shared with their pets!We love our furry work-from-home co-workers as they continue to motivate us when we need it most.This National Pet Day share your favorite WFH experience with your little companions in the comments below.#ByteDance #NationalPetDay #Coworkers",279,1,3,{'comment1': 'ByteDance For Head of Internal Audit position:https://www.linkedin.com/in/ranilwellalage'},"{'username1': 'RANIL WELLALAGE. MBA(UK), ACMA(UK), CPA(AU), CGMA(US)'}",{'job_title1': 'Internal Control and Compliance Specialist - South East Asia at Microsoft'}
6,6 months ago," At ByteDance, our mission is to inspire creativity and enrich life. We believe that every spark of inspiration is worth the spotlight. For our 2021 Global Employee Photography Contest, we set up a new special category FREESTYLE to let ideas run free and turn up creativity to 100%. We hope you enjoy these stunning moments as much as we do!Credit goes to the following ByteDancers:Pratapraj Nadar - ""Charcoal Colourspace"" (top)Akshay Sharma - ""The Hive"" (bottom left)Shen Hao - ""The Blooming Sky"" (bottom center)Marika Tedroff - ""3 Lockdowns, 3 Film Rolls"" (bottom right)#photography #ByteDance #creativity #inspiration",703,5,16,"{'comment1': 'Warren, I hope you submitted your entry as wellğŸ˜‰!', 'comment2': 'haha thanks buddy! I submitted my entry for the Public Welfare category: https://www.linkedin.com/posts/bytedance_photography-bytedance-portrait-activity-6892285040483807232-6cfT', 'comment3': 'Well deserved win Akshay Sharma', 'comment4': 'Thanks Alviss ğŸ™ğŸ™', 'comment5': 'Continue to inspire and bring creative forward via your platform of apps! ByteDance TikTok'}","{'username1': 'Nishant Gaurav', 'username2': 'Warren Liew', 'username3': 'Alviss Phua', 'username4': 'Akshay Sharma', 'username5': 'RaÃºl M.'}","{'job_title1': 'Building Fintech Infra for Indonesia through APIs | Open Banking | xBytedance | Bengaluru < > Jakarta', 'job_title2': 'Helping businesses grow with AI and machine learning solutions at ByteDance', 'job_title3': 'Strat and Product Ops, GrabGifts / Grab for Business', 'job_title4': 'ByteDance | Ex-Flipkart | Ex-Lazada', 'job_title5': 'ğŸ‘‹ğŸ½ Diverse Business Athlete | Customer-Champion | Unlocking Impact with Grit & Creativityâ£ï¸'}"
7,6 months ago," For our 2021 Employee Photography Contest, we asked ByteDancers around the world to capture unique characters, their expressions, their communities, and the thousands of stories that lie behind them and their cultures. Despite the isolation and challenges we've experienced over the past years, we all find ways to communicate and exhibit compassion and affection.Credit goes to the following ByteDancers:Jinpeng Guo - ""Dragon"" (top left)Luara Gotis - ""KÃ¡lon"" (top right)Warren Liew - ""He Shoots Portraits For Love"" (bottom left)Pratapraj Nadar - ""Child's Innocence"" (bottom center)Jiarong Fan - ""Stay Behind"" (bottom right)#photography #ByteDance #portrait #humanity",917,9,12,"{'comment1': 'Fantastic Shots!', 'comment2': 'Fantastic! ğŸ˜', 'comment3': 'Luara M Ferri Gotis ğŸ˜ğŸ˜ğŸ˜ğŸ˜', 'comment4': 'Eu nem tinha visto! Amei ğŸ’•', 'comment5': 'Beautiful!', 'comment6': 'âœ¨ğŸ“· Way to capture and bring creativity to life! ğŸ‘€âœ¨ ByteDance', 'comment7': ""What a beautiful looking community. That's awesome of the person who took these shots. Who would've wondered taking simple mundane scenes would look this fascinating."", 'comment8': 'awesome picture', 'comment9': 'Nice pics ğŸ¥°'}","{'username1': 'Nishtha Pathak', 'username2': 'Ana FlÃ¡via Moraes', 'username3': 'Ingride N.', 'username4': 'Luara M Ferri Gotis', 'username5': 'Zoe Y.', 'username6': 'RaÃºl M.', 'username7': 'Ada Crisostomo', 'username8': 'Andre Koo', 'username9': 'Huyen Vu'}","{'job_title1': 'Creators, Brands and Synergies.', 'job_title2': 'Product Support Technical Analyst | Accenture', 'job_title3': 'Music Content & Talent Development at TikTok', 'job_title4': 'Music Operations @ TikTok', 'job_title5': 'National Account Manager at Chubb Fire & Security Group', 'job_title6': 'ğŸ‘‹ğŸ½ Diverse Business Athlete | Customer-Champion | Unlocking Impact with Grit & Creativityâ£ï¸', 'job_title7': 'Construction Consultant at ADA Construction Consulting âœ…Construction cost âœ…Consultancy âœ…Infrastructure âœ…Engineering', 'job_title8': 'Experienced Global Marketing Director | Leadership +Strategy + Brand + Digital + Data + Transformation + Innovation | Global + Asia Pacific', 'job_title9': 'Recruitment Consultant (Blockchain, Java, Automation testerâ€¦)'}"
8,5 months ago, Here are the ladies who are breaking the bias! We are proud to introduce our female colleagues at the ByteDance R&D team. ğŸ‘©ğŸ’»We asked them a few questions to learn more about the life at ByteDance R&D:âœ… Why did they decide to pursue tech careers with ByteDanceâœ… What do they enjoy most at ByteDanceâœ… Who are their role models or mentorsâœ… What type of teammates do they want to work withâœ… Tips for women who are interested in joining the tech industryWhich is the most inspiring #BreakTheBias quote for you? Please share your thoughts in the comments.Explore opportunities to be part of this powerful engine! ğŸ‘‰ https://lnkd.in/gNfAetPFÂ #BreakTheBias #IWD2022 #ByteDance #techcareers #WomenInTech,392,6,9,"{'comment1': 'Great job â˜ºï¸ğŸ‘', 'comment2': 'Nice!', 'comment3': 'nice', 'comment4': 'Not only politicians and the press, but also ""socially responsible"" companies will act consistently when ByteDance supports fascist regimes, such as Russia. Regardless, all consumers are ""on alert"" regarding support for the Russian genocide in Ukraine and will make their own decisions.', 'comment5': 'Love seeing the representation!', 'comment6': 'Amazing!'}","{'username1': 'INDERA SHAH', 'username2': 'Farrah Fauzi', 'username3': 'Pankaj Maurya', 'username4': 'Christoph Jores', 'username5': 'Rob W.', 'username6': 'Alvin Naden'}","{'job_title1': 'Co-Owner di Johnkey LLC', 'job_title2': 'Bachelor of Science (Information Technology) | Majoring in Computer Network | Treasurer of UUM Gokart Club | Final Year Student', 'job_title3': 'Data Center Operator', 'job_title4': 'M&A, Carve-out and Post-Merger Integration Interim Management & Consulting', 'job_title5': 'Communications Professional | Journalist | Storyteller', 'job_title6': 'The Talented Marketer - Brand Builder. Market Developer. Storyteller. Strategic Traditional & Digital Campaigner. Personal Branding. Content Creator. Video Crafter. Holistic Thinker. Brand Marketing Consultant.'}"
9,7 months ago," One thing we like to do at ByteDance is share meaningful moments through the lens of ByteDancers globally. From spectacular scenery to touching human connections, ByteDancers around the world submitted 53,000+ inspiring photographs and videos from across 30 countries and regions for our 2021 Global Employee Photography Contest.Over the coming weeks, we'll be sharing some of those moments with you. The photos below capture the unparalleled beauty of Mother Nature and shed light into different corners of our world. Credit goes to the following ByteDancers:Siqi Yang - ""Peak"" (top)Sidi Liu - ""The World's Tallest Forest"" (bottom left)Patricia Campagnare - ""Me and My Boyfriend Enjoying Aquatic Nature"" (bottom center)Simon Boniface - ""Sky of Wonders"" (bottom right)#photography #ByteDance #scenery #mothernature",531,8,6,"{'comment1': 'This tree is too tall', 'comment2': 'Great pictures ğŸ™Œ', 'comment3': 'Terrible customer service for serious trademark infringements. They wont respond.', 'comment4': 'Some great photos, thanks for posting!', 'comment5': 'Beautiful', 'comment6': 'Wow! Some amazing pictures!', 'comment7': 'Amazing pictures and experiences', 'comment8': 'They missed you Marcella Fagundes Ferrucci :)'}","{'username1': 'Bryan Yu', 'username2': 'Ruairidh McPherson', 'username3': 'Agim Alidemi', 'username4': 'Jenna Fong', 'username5': 'Rithan Vijay', 'username6': 'Rob W.', 'username7': 'Lionel Sim', 'username8': 'Mateus F.'}","{'job_title1': 'Sales Manager - Cytech Systems Limited', 'job_title2': 'copywriting / communications / marketing', 'job_title3': 'Student at AKAD University', 'job_title4': 'Small Business Owners', 'job_title5': 'Business Development Manager | Digital Marketeer | Data Analyst | Music Specialist Publishing/Copyright/Licensing | Events & Campaign Specialist', 'job_title6': 'Communications Professional | Journalist | Storyteller', 'job_title7': 'Global Marketing, Partnerships, Growth, Ecosystem @TikTok | AdAge 40 under 40 | @Apple | @WeChat | @Stanford', 'job_title8': 'Sales Ops Specialist @ Bytedance/TikTok'}"
10,9 months ago, Are you an engineer who is interested in the payment technology space?Then you need to learn about the Global Payments team atÂ #ByteDance!This team in #Singapore plays a crucial role in the financial payments domain.Learn more about the team below and click here to see the latest R&D openings in Singapore:Â https://lnkd.in/gD4AECAx,122,2,15,"{'comment1': 'Great opportunity', 'comment2': 'TIKTOK CANNOT PROTECT YOUR REPUTATION!https://www.linkedin.com/posts/erenayd%C4%B1n_tiktok-bytedance-reputation-activity-6879582999906717696-OMIF'}","{'username1': 'Geetanjali Sharma', 'username2': 'Eren AydÄ±n'}","{'job_title1': 'Associate â€“ Data Research at GroData Solutions', 'job_title2': 'Media Partner'}"
11,1 year ago," How do you go from an intern to full-time at ByteDance?Read the story of Benessa Chin, a ByteDancer in Singapore who recently transitioned to a full-time marketing position after completing a four-month #internship!If you're a current student or fresh graduate hoping to become a full-time employee at #ByteDance, here are a few of the steps Benessa took to make it happen. â¬‡ï¸",469,12,9,"{'comment1': 'https://jatta.in/seo-', 'comment2': 'congratulations', 'comment3': 'Interested', 'comment4': 'Hallo, Is it possible if Indonesia citizen can work or Intern at ByteDance Singapore ?', 'comment5': 'Fantastic and well done to the HRBP and marketing team for nurturing a talent! Welcome Benessa Chin!', 'comment6': 'Really an inspiration....', 'comment7': 'Where do i sign up? Robin Greer', 'comment8': 'Robin Greer - Austen Choo (æœ±æ™‰éœ†) - Benessa Chin and BytePlus kudos team ğŸ‘ğŸ»ğŸ‘ğŸ»ğŸ‘ğŸ»', 'comment9': 'Truly a rockstar, looking forward to working with you more Benessa Chin!', 'comment10': 'TIKTOK CANNOT PROTECT YOUR REPUTATION!https://www.linkedin.com/posts/erenayd%C4%B1n_tiktok-bytedance-reputation-activity-6879582999906717696-OMIF', 'comment11': 'This is great stuff Robin and BytePlus team, very encouraging!', 'comment12': 'Welcome to the Marketing team Ben!'}","{'username1': 'Komal Randhawa', 'username2': 'Saket Bharti', 'username3': 'Gourav Kumar', 'username4': 'Jeri Abdul Muin', 'username5': 'Lawrence Chua (è”¡æ©è€€)', 'username6': 'Maheswari Chand', 'username7': 'Cristina Viscasillas', 'username8': 'Vasile Granaci', 'username9': 'Austen Choo', 'username10': 'Eren AydÄ±n', 'username11': 'Nishant Gaurav', 'username12': 'JieMin Seah'}","{'job_title1': 'Digital Marketings ,SMO', 'job_title2': 'Software Developer at Tidal Wave|Competitive programmer| Content Creator at CodeChef', 'job_title3': 'Student at CGC Jhanjeri', 'job_title4': 'Digital Marketing Strategist & Content Director at Telkom Group || Ex Ministry Youth & Sport RI || Brand Communications Enthusiasts', 'job_title5': 'Head of Enablement Growth, BytePlus | ByteDance | Investor | Board Director', 'job_title6': 'Content Moderator at Bytedance', 'job_title7': 'Activation Account Director at Resolution Agency', 'job_title8': 'Head of EMEA at Oyster | ğŸŒ Remote Work Evangelist | ğŸ¦„ Angel Investor', 'job_title9': 'Content Manager at Amazon Web Services | Ex-ByteDance', 'job_title10': 'Media Partner', 'job_title11': 'Building Fintech Infra for Indonesia through APIs | Open Banking | xBytedance | Bengaluru < > Jakarta', 'job_title12': 'Art Director at ByteDance'}"
12,11 months ago, Are you an engineer or just generally interested in technology? Then you need to learn about the Technical Infrastructure team at #ByteDance! This team in Singapore plays a crucial role in building the bottom layer of our tech for products like TikTok that serve hundreds of millions of users each day.Learn more about the team below and click here to see the latest R&D openings in Singapore: https://lnkd.in/gyiSUj3c,147,6,20,{},{},{}
13,2 months ago," Have you ever been in an interview and thought to yourself, I wonder what the company culture is really like here? What would it feel like to work here every day? Would I like it? We've got you!As a part of our culture where we encourage everyone to be candid and open, we enlisted our employees to answer frequently asked questions by our candidates in this three-part series. First up, what are people at ByteDance like, and how would they describe ByteDance in a word?https://lnkd.in/djBffnAV#Culture #AskByteDancersAnything",202,2,15,{},{},{}
14,11 months ago," Introducing BytePlus!BytePlus is an intelligent services platform powered by cutting-edge technology to help businesses accelerate their growth.As we build this exciting product and expand its impact around the world, weâ€™re hiring for numerous positions across Singapore, Tokyo, and London.Learn more below and click here to check out opportunities to work with the latest innovation at #ByteDance: https://lnkd.in/gfpnvU-k",495,4,51,{},{},{}
15,1 month ago," ByteDance has been ranked 11th on GradSingapore's Top 100 Leading Graduate Employers list!The rankings were based on surveys done with more than 11,000 undergraduate and fresh graduates in #Singapore. We're so honored to be listed for the first time! ğŸ™https://lnkd.in/etcBRqtCWe would like to say a huge thank you to our amazing colleagues ğŸ¥° for making #ByteDance a great place to work with limitless possibilities to grow careers.Join us in our mission to inspire creativity and enrich life. We're empowered to turn our ideas into reality, stretch beyond our comfort zone, and support each other in the process. Explore career opportunities here: https://lnkd.in/eriyrsQN",704,3,18,{},{},{}
16,2 months ago," Congrats to ByteDance's Intelligent Creation (IC) team in Singapore. A research paper co-authored by a ByteDance researcher and the National University of Singapore has been accepted by Nature Neuroscience, one of the leading scientific journals in the field of neuroscience. The paper is titled ""Meta-matching as a simple framework to translate phenotypic predictive models from big to small data."" Brain imaging technology is a key field in neuroscience. It can be used for observing the neurochemical changes in the brain during information processing and stimulus-response, providing an important reference for the diagnosis and treatment of diseases.There is significant interest in using brain imaging data to predict non-brain-imaging phenotypes (the set of observable characteristics or traits of an organism) in individuals. However, most prediction studies rely on very limited data, making them less reliable. The team approached this issue with a unique framework of ""meta-matching,"" or translating predictive models from large-scale datasets to new unseen non-brain-imaging phenotypes. ""We demonstrated that meta-matching can boost the prediction of new phenotypes in small independent datasets by 100% to 400% in many scenarios.""You can read more about the team's paper in Nature Neuroscience https://lnkd.in/dZJTp7xsAre you interested in joining one of our award-winning teams? Check out https://lnkd.in/dxd7Cy9i to start your career at ByteDance! #ByteDance #NatureNeuroscience #NUS",275,2,17,{},{},{}
17,1 year ago, ByteDance campus recruitment will start on Sept. 1st!Here are five reasons you should start your career with us. â¬‡ï¸ Visit our students & grads page once openings go live -> https://lnkd.in/gNrTDdPK#ByteDance #campusrecruitment,430,13,24,{},{},{}
18,7 months ago," How was your 2021? In Southeast Asia, we wrapped up the year with our very first Rockstar Employee Awards where we recognized colleagues who have made an impact by living out our values, ByteStyles! We had party props and snacks delivered to our homes for us to enjoy the awards night together. Employees across Southeast Asia tuned in and celebrated this special event together accompanied by trivia games, virtual concerts, and an exclusive photobooth. Congratulations once again to the winners, nominees and all ByteDancers! ğŸ ğŸ¥‚ğŸ‰ Let's keep inspiring creativity and enriching lives.#bytedance #rockstar2021 #bytestyle #thankyou",384,7,16,"{'comment1': 'Well deserved Queen â˜€ï¸ Sabrina L. ğŸ˜', 'comment2': 'Deborah Ong halooo Deborah!! Long time No seeğŸ‘‹ğŸ‘‹', 'comment3': 'Congrats Matthew Tanaya', 'comment4': 'Thank you Dicky Sukarmadji!'}","{'username1': 'Alexander Julio Pelawi', 'username2': 'Alexander Julio Pelawi', 'username3': 'Dicky Sukarmadji', 'username4': 'Matthew Tanaya'}","{'job_title1': 'Monetization Integrity Operations - Model Optimization Specialist at TikTok | Community Engagement & Project Manager | KOL Analyst | Copy & Content Writer | Social Media Specialist | Cheerleading and Modern Dance Coach', 'job_title2': 'Monetization Integrity Operations - Model Optimization Specialist at TikTok | Community Engagement & Project Manager | KOL Analyst | Copy & Content Writer | Social Media Specialist | Cheerleading and Modern Dance Coach', 'job_title3': 'Digital | Sales | Marketing | FMCG | Music | Luxury | Health | Beauty', 'job_title4': 'Artist Promotions Lead at ByteDance'}"
19,1 year ago," Check out the highlights from our global Family Fest, a series of events we held earlier this summer for ByteDancers and their families! Featuring an alpaca run, video contest, wildlife showcase, sharing sessions, and more, Family Fest brought ByteDancers around the world closer together.Our mission to inspire creativity and enrich life starts with prioritizing the wellbeing of our employees. At a time when many of us are working from home, this was one of numerous company initiatives we've launched to support and lift the spirits of everyone at #ByteDance!#wellbeing #workingfromhome",136,2,4,"{'comment1': 'PÃ©ssima equipe. PÃ©ssimo atendimento. Propaganda enganosa! Nao respondem e-mail com feedback do desenvolvedor app (descrito no prÃ³prio Play Store) , faz oferta quando abro o Facebook e nao cumpri com o prometido Iphone11, sendo que eu cumlri passo a passo em 25/08, pede para enviar mensagem diretamente no site TikTok, envio e continuo sem retorno.  Muita falta de respeito com o usuÃ¡rio e ainda faz oferta e nÃ£o cumpri com o combinado. Nao tem SAC e nÃ£o tem ouvidoria.  Unic mei por e-mail  de comunicaÃ§Ã£o nÃ£o funciona.  Denunciei Procon, Site: consumidor.gov , reclami aqui, e se eu pudesse dar ZERO no app eu daria, entÃ£o dei 1 estrela e relatei por lÃ¡ o ocortido e + uma vez, sendo ignorada. Kim Farrell', 'comment2': 'We are a dancing family from Australia! ğŸ˜'}","{'username1': 'Lilian Machado Vechiato', 'username2': 'Viv Laver'}","{'job_title1': 'Profissional do Segmento Financeiro | GestÃ£o Comercial BancÃ¡ria | Investimentos e Mercado de Capitais | GestÃ£o de Pessoas e Desenvolvimento de NegÃ³cios | Programa Advisors de Alta Performance', 'job_title2': 'Mummy Laver at We Are The Lavers'}"
20,1 year ago," For #NationalInternDay, we're proud to recognize all the talented interns driving our growth around the world! ğŸš€ At ByteDance, interns don't just fill out spreadsheets. They're given the space to lead their own projects, create new initiatives, and build cutting-edge products.If you're thinking about where to start your career, watch this video to hear from our interns in Singapore about why #ByteDance might be a fit for you!Check out the latest global internship opportunities here: https://lnkd.in/gz9VauA",204,1,12,{},{},{}
21,3 months ago," We're proud to announce that a ByteDance Singapore tech team has just won first prize in a contest combatting deepfakes. ğŸ†The development of powerful deep learning technologies has brought about some new and innovative ways to impact both society and individuals. But it has also led to the emergence of fake media and deepfakes. To tackle the issue, AI Singapore organized the Trusted Media Challenge (TMC) to explore technologies that could be leveraged to combat fake media. ByteDance researcher Weimin Wang's submission was 98.53% accurate at telling apart genuine clips from manipulated ones. He beat 469 other teams from around the world to win the top prize in this competition!Read more about the competition and the team's winning solution in our blog post. https://lnkd.in/g-h2H2ec#ByteDance #AISG #TrustedMediaChallenge",1,12,25,"{'comment1': 'Congrats', 'comment2': 'Congrats people!', 'comment3': 'Amazing', 'comment4': 'Congrats !!! ğŸ‘', 'comment5': 'Congrats team. Awesome timing! Possibly could be used in TikTok US Safety leading to the midterm elections! Deep fakes and  fact checking are among the top impact real time areas of improvement in social media!', 'comment6': 'Inspiring', 'comment7': 'ğŸ™‚ Writing on the board ! (notes) on the board - here !ğŸ¤—', 'comment8': 'Well done Bytedance. Delighted to be working with you ğŸ‘ğŸ‘ğŸ‘'}","{'username1': 'Yash Jain', 'username2': 'Satish Kumar', 'username3': 'Rimpa Paul', 'username4': 'Shwetank Sonal', 'username5': 'Sai G.', 'username6': 'Chaikamon ( Chris ) Sriprasan', 'username7': 'Laurie GRAILLAT', 'username8': 'Mark Jones'}","{'job_title1': 'SPOC', 'job_title2': 'Executive in Wipro.', 'job_title3': 'Attended University Of North Bengal', 'job_title4': 'ByteDance/TikTok - We are Hiring !!! Team SGP/CHN/LON/MTV', 'job_title5': 'Product Management, Strategy - Hiring! @ Tiktok', 'job_title6': 'Marketing || Founder || Project Manager|| Content Creator || Investor || Consultant || Import & Exporter||Real Estate||PR||HR', 'job_title7': ""ğŸ§¡ Recherche d'un emploi dans le domaine administratif ğŸ–¤{â€¢loisirsâ€¢Artâ€¢mobileâ€¢Art'lâ€¢}ğŸ’™"", 'job_title8': 'Founder. CEO . Giant iTab . Giant Smartphones. Award Winning . Event Tech . Venue Tech . Awards . Judge . Speaker . CX Customer Experience . DX Digital Engagement . Digital Transformation . Sustainability .'}"
22,3 months ago, Spring has come to Japan and so has the charming cherry blossom (Sakura) season ğŸŒ¸ !#bytedance #sakura #cherryblossom ,884,5,10,{},{},{}
23,5 months ago," On this special day, we want to say thank you to all the incredible women at ByteDance and beyond. We wouldn't be here without you. We stand with you to push for a diverse, equitable, and inclusive world where difference is valued and celebrated. Explore the unique and endless power within you. Never stop pursuing your dreams and reaching new heights. #IWD2022 #womenintech #BreakTheBias",1,6,48,{},{},{}
24,5 months ago," Looking to kickstart your career in a fast-growing tech company, where you can make a global impact through the work you do? Join us in our mission to inspire creativity and enrich life at ByteDance! âœ¨Whether you're a student or a recent graduate, ByteDance has many opportunities for you to learn and develop your skills, and work on innovative and groundbreaking projects and technologies.Applications for our 2022 internship and graduate opportunities are still open, so apply now and start your journey with us! https://lnkd.in/gUDNNfTi#ByteDance #students #graduates #internships #campusrecruitment",106,1,15,{'comment1': 'Great opportunity'},{'username1': 'INDERA SHAH'},{'job_title1': 'Co-Owner di Johnkey LLC'}
25,6 months ago, Happy Lunar New Year! Here's to roaring into the new year ahead!#ByteDance #lunarnewyear ,1,18,39,{},{},{}
26,6 months ago," ""Online Payment Risk is a very unique and specific domain that is constantly changing. I'm fortunate  to have an extraordinary team of young and brilliant minds that are not afraid to aim for the highest!""Meet Angela from the Global Payments Risk Operation Team in Singapore. Her team is responsible for reviewing more than 100K number of transactions daily, to ensure the platform is safe from credit card fraud.Having been in the finance industry for a while now, Angela agrees that her experience in ByteDance is like no other.""The strong spirit of innovation and collaboration at ByteDance not only allows us to bring our ideas to life but also develop our skills beyond our role as we work with people from various departments. It is an incredible feeling to see your team's work making an impact on the growth and success of the company.""Join the #ByteDance team and work on groundbreaking innovative technologies that make a global impact! Click here to browse opportunities: https://lnkd.in/gAV-shQ8",563,12,6,"{'comment1': 'bytedance is the most wonderful company I met', 'comment2': 'Way to go ğŸ‘', 'comment3': 'Wow, long time no see!', 'comment4': 'Way to go ğŸ‘ğŸ»', 'comment5': '100k with AI AML', 'comment6': 'Cool to see you kick start another journey!!!', 'comment7': 'Way to go Angela!', 'comment8': 'Go Angela Zhang ! ğŸ‘ğŸ‘ğŸ‘', 'comment9': 'Amazing work! Hope #AI can help your team to work more effectively', 'comment10': 'Well done, Angela Zhang! Nice to see your spotlight.', 'comment11': 'Well done, Angela Zhang!', 'comment12': 'Nice!'}","{'username1': 'ä¸äº‘é¾™', 'username2': 'Tony Bailey', 'username3': 'Solomon Li', 'username4': 'Dion Hermansyah', 'username5': 'Clarence Sai', 'username6': 'Gordon Chan', 'username7': 'Brady Harrison', 'username8': 'Monica Acree', 'username9': 'Tick J.', 'username10': 'Shobana Kandaswamy', 'username11': 'Rajasekaran Radhakrishnan', 'username12': 'Audrey Ottevanger'}","{'job_title1': 'å­—èŠ‚è·³åŠ¨ - é«˜çº§äº§å“ç»ç†', 'job_title2': 'Digital Channel Manager', 'job_title3': 'Senior Risk Analyst at Industrial and Commercial Bank of China', 'job_title4': 'Business Development, Offline Acquisition (E-commerce) at TikTok (Bytedance)', 'job_title5': 'AML Compliance Practitioner | Data Analytics, Management Professional | Attaining new competencies and achieve rewarding experiences~', 'job_title6': 'Digital Transformation, OmniChannel Retailing, Technology strategic planning, Team Lead, Frontend Web Engineering (but not JAVA)', 'job_title7': 'Director, Customer Analytics Solution Delivery at Kount', 'job_title8': 'VP Sales, APAC @ FullStory', 'job_title9': 'Believe in a more beautiful life through deep tech: AI+ Fintech, Web3| Over $21.6B Business Deals | Expert: AI, Property design & development | Angel Investor', 'job_title10': 'Head of APAC Solutions Engineering at TeamViewer', 'job_title11': 'Enterprise Solutions Engineer | Senior Technical Consultant', 'job_title12': 'Co-Founder COO I Digital Payments Consulting I ex Braintree-PayPal'}"
27,6 months ago," Are you a student or recent graduate looking to kickstart your career? Come on board and join our growing ByteDance family!Be part of a fast-growing tech company where you too, will also grow fast, and get to work on exciting groundbreaking projects that will impact many communities around the world. ğŸŒğŸ’«Join us in our mission to inspire creativity and enrich life. Apply for our exciting 2022 campus recruitment opportunities and begin your adventure with us today! https://lnkd.in/gPm_2MuH#ByteDance #students #graduates #internship #campusrecruitment",237,1,16,{'comment1': 'kak Audrey Sucahyono'},{'username1': 'Silvia Irani'},{'job_title1': 'Operations and Project Manager at Indonesia Business Partners'}
28,7 months ago, Have a great rest of the year and let's make another great year together! YOU ROCK ğŸ¤Ÿ#happyholidays #happyholidays2021 #bytedance,1,7,45,"{'comment1': 'Happy new year!', 'comment2': 'I need a job, I have 5 years working experience in non voice process. If you have any situation job for me. Please contact me 8810621351', 'comment3': 'Happy holidays! ğŸ¥³', 'comment4': 'ğŸ™ğŸ™ğŸ™', 'comment5': 'Merry Christmas and Happy New productiv 2022 â¡ï¸ğŸ”ğŸğŸ‘ğŸ’â›„ğŸ˜€', 'comment6': 'TIKTOK CANNOT PROTECT YOUR REPUTATION!https://www.linkedin.com/posts/erenayd%C4%B1n_tiktok-bytedance-reputation-activity-6879582999906717696-OMIF', 'comment7': 'Monsour Nava'}","{'username1': 'baocheng xiao', 'username2': 'Deepak kumar', 'username3': 'Werther Veulemans', 'username4': 'Gabriela Chaves Schwery Comazzetto', 'username5': 'Perra S.', 'username6': 'Eren AydÄ±n', 'username7': 'Robert Jr. Macarasig'}","{'job_title1': 'Guangzhou kangyin Equipment Technology Co., Ltd. - General Manager', 'job_title2': 'E-commerce Executive at V2kart', 'job_title3': ""Senior Cluster Social Media Manager | Data Oriented | Blockchain | Millennial | Fueling a Lust For Life | World's Favorite Travel Company"", 'job_title4': 'Head of Global Business Solutions Latam and Brazil @ TikTok & Bytedance', 'job_title5': 'CPG Bevakning Sverige AB/Private law enforcment officer /Close Protection officer', 'job_title6': 'Media Partner', 'job_title7': 'QA SME at Bytedance'}"
29,8 months ago," 'At ByteDance, you don't just come up with great ideas, you see them come to life!'Meet Zhao Cong from the Business Integrity Team in Singapore!Having years of experience in tech under his belt, Zhao Cong believes there's always room to learn, and ByteDance has provided him one of the best work environments to be able to think like Day 1.'The company values success but we also accept failures- run, look back and grow as a team' he says. 'Usually engineers work on their own tasks and projects, but at ByteDance, there's the opportunity to work and collaborate with people from all around the world. The company branding attracts the top brilliant young minds to work with us and that's the ultimate source of growth.'Jump onboard the #ByteDance rocketship and work on groundbreaking innovative technologies that make a global impact!Click here to browse opportunities: https://lnkd.in/ee6guBdc#bytedance #techcareers #tech",370,4,9,"{'comment1': 'I thought it would be an AR pineapple: ""great ideas...see them come to life"". But given the DSLR, it likely is a random vacation image (unless Bytedance tech is adding marketplace grocery shopping)', 'comment2': 'TIKTOK CANNOT PROTECT YOUR REPUTATION!https://www.linkedin.com/posts/erenayd%C4%B1n_tiktok-bytedance-reputation-activity-6879582999906717696-OMIF', 'comment3': 'how are you Zhao Cong!'}","{'username1': 'Vincent L.', 'username2': 'Eren AydÄ±n', 'username3': 'Traven Teng (ä¸å¾·å®)'}","{'job_title1': 'Software Engineer', 'job_title2': 'Media Partner', 'job_title3': 'International Talent Acquisition Lead at Tencent'}"
30,8 months ago," We are pleased to announce that our lifestyle app Lemon8 has won Google Play's Best of 2021 under the ""Everyday Essential"" app category in Japan!Lemon8, currently released in Japan and Thailand, aims to build a diverse and inclusive community to help users discover the beauty in everyday life by sharing content ranging from food, to family, to fashion. We are hoping to continue inspiring creativity and enriching the lives of our users going forward.#lifestyle #community #googleplay",517,8,13,"{'comment1': 'Congrats', 'comment2': 'Will lemon8 be expanding their market soon?', 'comment3': 'Best of luck', 'comment4': 'Love this !', 'comment5': 'Amazing!!', 'comment6': 'Congratulations n good luckğŸ‘ğŸ½', 'comment7': 'TIKTOK CANNOT PROTECT YOUR REPUTATION!https://www.linkedin.com/posts/erenayd%C4%B1n_tiktok-bytedance-reputation-activity-6879582999906717696-OMIF'}","{'username1': 'Xiaoyan Dang', 'username2': 'Faisal Adli Tajul Anuar', 'username3': 'Rajkiran Rao', 'username4': 'CunYu Wang', 'username5': 'Lionel Sim', 'username6': 'Sabeena Ahamed', 'username7': 'Eren AydÄ±n'}","{'job_title1': 'Principle TPM Managerï¼ŒByteDance', 'job_title2': 'Community Content Management Specialist', 'job_title3': 'Visualizer (Manager)', 'job_title4': 'Technical Lead at ByteDance', 'job_title5': 'Global Marketing, Partnerships, Growth, Ecosystem @TikTok | AdAge 40 under 40 | @Apple | @WeChat | @Stanford', 'job_title6': 'Customer Success', 'job_title7': 'Media Partner'}"
31,9 months ago," Ever wonder what it's like to be part of a fast growing tech company? If you're a student or recent graduate who's looking to impact the world with your creativity, we'd love to meet you! ğŸ‘‹Click here to explore career opportunities at ByteDance: https://lnkd.in/g7WDW7a4Applications for our fall recruitment close on 30 November, so apply now! We're excited for you to begin your journey with us! #ByteDance #students #internships #campusrecruitment",327,11,38,"{'comment1': 'I would like to share a survey from the university and an idea we had about using the TikTok appTikTok ğŸ‡§ğŸ‡· Marketing Socialhttps://docs.google.com/forms/d/e/1FAIpQLSfZfII60cqGkTXdGMc5cW-FTVe9lBXMR_paXKwjq3gdlFhTmA/viewform?vc=0&c=0&w=1&flr=0', 'comment2': ""ğŸ¶â™¥ All the money raised from the dances of Madagascar can go to Madagascar ğŸ‡²ğŸ‡¬ It's a great way to:1 encourage dancing, taking care of health (physically fit);2 raise awareness of the global problem of the climate crisis;3 spread solidarity and philanthropic use of the app, raising money to help our needy brothers and sisters in Madagascar!â™¥ï¸ğŸ™ŒğŸ»ğŸŒ"", 'comment3': 'Great opportunity', 'comment4': 'Great opportunity', 'comment5': ""Hi Team, i have applied for QA manager Trust & Safety, and haven't recieved any update since it's been a week!"", 'comment6': 'Hi Bytedance, I applied for a position almost a month ago without any updates in Malaysia.\xa0 I attempted to email HR email stated however to no response at all as well. How do I able to join without any response from recruitment team? Seek advice.\xa0', 'comment7': 'Great opportunity! Join TikTok and bring joy to the world.', 'comment8': 'çœ‹è§ä½ ä»¬å­—èŠ‚è·³åŠ¨ï¼Œå°±æƒ³è¯´ä¸€ä¸‹ï¼Œä½ ä»¬ç°åœ¨çš„æœåŠ¡çœŸä¸æ€ä¹ˆæ ·ï¼Œä¹°äº†ä½ ä»¬3ä¸‡å…ƒçš„æµé‡åŒ…ï¼Œä½ ä»¬ä¸šåŠ¡äººå‘˜ç­¾åˆåŒå‰ï¼Œè¯´ä»€ä¹ˆéƒ½å¯ä»¥ï¼Œä»€ä¹ˆé€šè¿‡ä¸“ä¸šçš„è¿è¥ã€ä¸“ä¸šçš„å¹³å°æ•°æ®ï¼Œå¯ä»¥å¸®æˆ‘ä»¬å¼•æµæ›´ç²¾å‡†çš„ç²‰ï¼Œå½“æˆ‘äº¤äº†é’±ï¼Œæˆ‘å‘ç°è¿è¥æ ¹æœ¬ä¸ä¸“ä¸šï¼Œç¬¬ä¸€æ¬¡ä¸Šä¼ è§†é¢‘ä¸å¸¦å°é¢ï¼Œå°±ç»™æˆ‘ä»¬ä¸Šä¼ ï¼Œè·Ÿæˆ‘è§£é‡Šè¯´ä¸å½±å“ï¼Œè¯´ä½ ä»¬å…¬å¸ä½œå¼•æµä¸å¯ä»¥æˆ‘ä»¬è‡ªå·±ä¸Šä¼ ï¼Œä½ ä»¬å¼•æµä¸äº†ï¼Œä½†æˆ‘äº†è§£ä¸æ˜¯è¿™æ ·ï¼Œè¯´æ˜¯è§†é¢‘ä½œå¥½å‘ç»™ä½ ä»¬ï¼Œæˆ‘æå‰ä¸€å¤©å‘ç»™ä½ ä»¬è¿è¥ï¼Œç¬¬äºŒå¤©ä½ ä»¬è¿è¥å¼€å®Œä¼šå°±11ç‚¹ï¼Œæ‰ç»™ä¸Šä¼ ï¼Œè¯´è¦å…¬å¸å®¡æ ¸ï¼Œä¸€ç›´å®¡åˆ°æ™šä¸Šå…­ç‚¹ï¼Œæœ€åè¯´è§†é¢‘ä¸åˆæ ¼è®©æˆ‘ä»¬é‡ä½œï¼Œæˆ‘å°±æƒ³é—®ä½ ä»¬ä¸“ä¸šå—ä½ ä»¬è¿è¥è¯´æ˜¯ä¼šæå‰å®¡ï¼Œåˆ°åº•æ€ä¹ˆå®¡çš„ï¼Œè€Œä¸”ä½ ä»¬å…¬å¸å®¡æ ¸è§†é¢‘è¦è¿™ä¹ˆä¹…å—ï¼Œè¯·é—®å¦‚æœå®¢æˆ·å“ªä¸ªè¿˜æ•¢æ‰¾ä½ ä»¬ä½œæ¨å¹¿ï¼Œæœ¬æ¥ä¸‰ä¸ªè§†é¢‘åˆ†æ—©ä¸Š8ç‚¹ï¼Œä¸­åˆ12ç‚¹ï¼Œæ™šä¸Š18ç‚¹å‘æœ€åæ²¡æœ‰ä¸€ä¸ªæµé‡æ± æ•¢ä¸Šï¼Œè¯´æ˜¯ç»™æˆ‘ä»¬åŠ ç²¾å‡†ç²‰ï¼ŒåŠ çš„éƒ½æ˜¯ä»€ä¹ˆç²¾å‡†ç²‰ï¼Œæˆ‘ä»¬æ˜¯ç”µå­è¡Œä¸šï¼Œç»™æˆ‘ä»¬åŠ çš„ç²‰éƒ½æ˜¯ï¼Œç¾é£Ÿåšä¸»ã€70å·¦å³çš„å¤§å”å¤§å¦ˆã€ç”µå½±åšä¸»ã€æ¸¸æˆåšä¸»ã€å¤§å¤´å¨ƒå¨ƒã€è¿˜æœ‰çš„éƒ½æ˜¯åƒµå°¸å·ï¼Œä½ ä»¬ä¸“ä¸šåˆ°å“ªäº†ï¼Œæ²¡ç­¾åˆåŒæ²¡äº¤é’±ä»€ä¹ˆéƒ½æ˜¯ç‰›Bçš„ä»€ä¹ˆéƒ½å¯ä»¥ï¼Œäº¤äº†é’±ä»€ä¹ˆéƒ½ä¸æ˜¯ã€‚ä½ ä»¬çœŸæ˜¯æ–°åª’ä½“çš„è€å¤§ï¼Œç‰›Bçš„å¾ˆï¼Œéª—é’±éƒ½è¿™ä¹ˆç‰›B', 'comment9': 'Aakash Shelake'}","{'username1': 'Joseleine Pires Cogenievski', 'username2': 'Joseleine Pires Cogenievski', 'username3': 'Emmanuel Hanson MHRM, SCIPD', 'username4': 'Milko S.', 'username5': 'Harish Kumar', 'username6': 'Khai Sheng Siow', 'username7': 'Wu JunLin', 'username8': 'ç‰›æµ·å³°', 'username9': 'Huzaifa Momin'}","{'job_title1': 'âš–ï¸', 'job_title2': 'âš–ï¸', 'job_title3': '|HR Enthusiast|HKBU IPS Recipient & Graduate|Ex- Absa|', 'job_title4': 'Quality Analyst at TikTok', 'job_title5': 'Trust & Safety|Global Policy| Content Moderation|Deputy Training & Quality Manager', 'job_title6': 'I am actively looking for permanent career', 'job_title7': 'TikTok Singapore is hiring, check my post to get internal referral opportunity!', 'job_title8': 'é˜¿ç‰›å“¥å’¨è¯¢ç®¡ç†ï¼ˆæ·±åœ³ï¼‰æœ‰é™å…¬å¸ - äººåŠ›èµ„æºç®¡ç†æ€»ç›‘', 'job_title9': 'System Engineer at TCS | 3 â­ï¸ CodeChef | 1500+ Rating on LeetCode'}"
32,10 months ago," ""As a ByteDancer, you're part of a major tech company while being a pioneer of game-changing functionalities and products. My team only has three engineers, but our work reaches a billion users!""Meet Arthur, a Software Backend Engineer on the TikTok Direct Message Safety Team in Singapore! Since joining ByteDance as a recent graduate, Arthur has a lot to share with current students about his experience so far.""Despite having less than a year of experience, I've been working independently on high-impact features and I get a lot of trust from my team,"" he says. ""As we grow, there are so many exciting projects, and you have the space to decide for yourself what to prioritize.""If you're a student excited to launch your career at #ByteDance, our campus recruitment is underway! Click here to browse opportunities: https://lnkd.in/gSE2cpYj",524,7,7,"{'comment1': 'æ­å–œæ­å–œ!', 'comment2': 'nice ğŸ˜„', 'comment3': 'I applied for a position in Kuala Lumpur but never have any updates yet even after 1 month', 'comment4': 'æˆ‘ä»¬ç°åœ¨å°±æ˜¯ä»å­—èŠ‚è·³åŠ¨ç¦»å¼€åˆ›ä¸šçš„ï¼Œé¡¹ç›®ï¼›APPæµé‡å˜ç°ï¼Œæœ‰æœºä¼šåˆä½œçš„è¯ï¼Œè”ç³»æˆ‘è‚–è´¤å£°13903065532', 'comment5': 'Nice ğŸ˜', 'comment6': 'çœ‹è§ä½ ä»¬å­—èŠ‚è·³åŠ¨ï¼Œå°±æƒ³è¯´ä¸€ä¸‹ï¼Œä½ ä»¬ç°åœ¨çš„æœåŠ¡çœŸä¸æ€ä¹ˆæ ·ï¼Œä¹°äº†ä½ ä»¬3ä¸‡å…ƒçš„æµé‡åŒ…ï¼Œä½ ä»¬ä¸šåŠ¡äººå‘˜ç­¾åˆåŒå‰ï¼Œè¯´ä»€ä¹ˆéƒ½å¯ä»¥ï¼Œä»€ä¹ˆé€šè¿‡ä¸“ä¸šçš„è¿è¥ã€ä¸“ä¸šçš„å¹³å°æ•°æ®ï¼Œå¯ä»¥å¸®æˆ‘ä»¬å¼•æµæ›´ç²¾å‡†çš„ç²‰ï¼Œå½“æˆ‘äº¤äº†é’±ï¼Œæˆ‘å‘ç°è¿è¥æ ¹æœ¬ä¸ä¸“ä¸šï¼Œç¬¬ä¸€æ¬¡ä¸Šä¼ è§†é¢‘ä¸å¸¦å°é¢ï¼Œå°±ç»™æˆ‘ä»¬ä¸Šä¼ ï¼Œè·Ÿæˆ‘è§£é‡Šè¯´ä¸å½±å“ï¼Œè¯´ä½ ä»¬å…¬å¸ä½œå¼•æµä¸å¯ä»¥æˆ‘ä»¬è‡ªå·±ä¸Šä¼ ï¼Œä½ ä»¬å¼•æµä¸äº†ï¼Œä½†æˆ‘äº†è§£ä¸æ˜¯è¿™æ ·ï¼Œè¯´æ˜¯è§†é¢‘ä½œå¥½å‘ç»™ä½ ä»¬ï¼Œæˆ‘æå‰ä¸€å¤©å‘ç»™ä½ ä»¬è¿è¥ï¼Œç¬¬äºŒå¤©ä½ ä»¬è¿è¥å¼€å®Œä¼šå°±11ç‚¹ï¼Œæ‰ç»™ä¸Šä¼ ï¼Œè¯´è¦å…¬å¸å®¡æ ¸ï¼Œä¸€ç›´å®¡åˆ°æ™šä¸Šå…­ç‚¹ï¼Œæœ€åè¯´è§†é¢‘ä¸åˆæ ¼è®©æˆ‘ä»¬é‡ä½œï¼Œæˆ‘å°±æƒ³é—®ä½ ä»¬ä¸“ä¸šå—ä½ ä»¬è¿è¥è¯´æ˜¯ä¼šæå‰å®¡ï¼Œåˆ°åº•æ€ä¹ˆå®¡çš„ï¼Œè€Œä¸”ä½ ä»¬å…¬å¸å®¡æ ¸è§†é¢‘è¦è¿™ä¹ˆä¹…å—ï¼Œè¯·é—®å¦‚æœå®¢æˆ·å“ªä¸ªè¿˜æ•¢æ‰¾ä½ ä»¬ä½œæ¨å¹¿ï¼Œæœ¬æ¥ä¸‰ä¸ªè§†é¢‘åˆ†æ—©ä¸Š8ç‚¹ï¼Œä¸­åˆ12ç‚¹ï¼Œæ™šä¸Š18ç‚¹å‘æœ€åæ²¡æœ‰ä¸€ä¸ªæµé‡æ± æ•¢ä¸Šï¼Œè¯´æ˜¯ç»™æˆ‘ä»¬åŠ ç²¾å‡†ç²‰ï¼ŒåŠ çš„éƒ½æ˜¯ä»€ä¹ˆç²¾å‡†ç²‰ï¼Œæˆ‘ä»¬æ˜¯ç”µå­è¡Œä¸šï¼Œç»™æˆ‘ä»¬åŠ çš„ç²‰éƒ½æ˜¯ï¼Œç¾é£Ÿåšä¸»ã€70å·¦å³çš„å¤§å”å¤§å¦ˆã€ç”µå½±åšä¸»ã€æ¸¸æˆåšä¸»ã€å¤§å¤´å¨ƒå¨ƒã€è¿˜æœ‰çš„éƒ½æ˜¯åƒµå°¸å·ï¼Œä½ ä»¬ä¸“ä¸šåˆ°å“ªäº†ï¼Œæ²¡ç­¾åˆåŒæ²¡äº¤é’±ä»€ä¹ˆéƒ½æ˜¯ç‰›Bçš„ä»€ä¹ˆéƒ½å¯ä»¥ï¼Œäº¤äº†é’±ä»€ä¹ˆéƒ½ä¸æ˜¯ã€‚ä½ ä»¬çœŸæ˜¯æ–°åª’ä½“çš„è€å¤§ï¼Œç‰›Bçš„å¾ˆï¼Œéª—é’±éƒ½è¿™ä¹ˆç‰›B'}","{'username1': 'ç§¦å®˜', 'username2': 'Helen Chen', 'username3': 'Khai Sheng Siow', 'username4': 'è‚–è´¤å£°', 'username5': 'Marco Touissi', 'username6': 'ç‰›æµ·å³°'}","{'job_title1': 'åŒ—æ–— - Javaè½¯ä»¶å·¥ç¨‹å¸ˆ', 'job_title2': 'Manufactor of Glovesï¼ˆGym/tactial/fishing/outdoor/camping/riding/cut proof/water proof/leather gloves), welcome to OEM', 'job_title3': 'I am actively looking for permanent career', 'job_title4': 'æœ¬äººæ¥è‡ªæ™®å®å¹¿å·äººï¼Œæ›¾å°±èŒå¹¿çŸ³åŒ–ç ”ç©¶æ‰€ï¼Œ2013å¹´æš¨å¤§EMBAæ¯•ä¸šï¼Œé«˜çº§å·¥ç¨‹å¸ˆï¼Œè¯„å®¡ä¸“å®¶ï¼Œæ‹…ä»»è¶…è¿‡50é¡¹ç¯ä¿ç±»è¯¾é¢˜ç ”ç©¶è´Ÿè´£äººï¼Œç‹¬å¾—äºšè¿æ±¡åºŸå¤„ç†ç§‘ç ”ç»è´¹500ä¸‡å…ƒï¼Œç‹¬è‡ªæ‹¥æœ‰35é¡¹å‘æ˜ä¸“åˆ©ã€‚', 'job_title5': 'independent business developer | Chef de projet Shein', 'job_title6': 'é˜¿ç‰›å“¥å’¨è¯¢ç®¡ç†ï¼ˆæ·±åœ³ï¼‰æœ‰é™å…¬å¸ - äººåŠ›èµ„æºç®¡ç†æ€»ç›‘'}"
33,10 months ago," In light of World Mental Health Day, weâ€™d like to share a few of the steps managers at ByteDance take to improve the wellbeing of our global teams.Starting with the actions of individual leaders and extending to large-scale wellness initiatives and employee recognition programs, we strive to create a more healthy and supportive working environment for all.What steps do you take to improve your teamâ€™s wellbeing?#ByteDance #WorldMentalHealthDay",491,3,25,"{'comment1': 'Here, I would also like to add thatï¼Œ as a manager, if want to create a healthier and more supportive work environment for employees,  also need to pay attention to communication with employees. On the one hand, master effective communication skills, understand the importance, and learn to use correct methods to solve communication barriers with employees. In addition,  should respect cultural differences and establish a good communication foundation, that is, understand not only our own communication methods, but also the communication methods of employees, and what behaviors and words will affect them. Only through effective communication with employees cannot  only effectively convey tasks and requirements, but also have a good relationship with employees, making them more willing to strive for the common goals of the organization', 'comment2': 'Thanks for sharing', 'comment3': 'The building blocks to building a positive work environment!'}","{'username1': 'yingbo deng', 'username2': 'Moubarak Jamali', 'username3': 'Drake Booker, CDCMP, FMCI'}","{'job_title1': '--', 'job_title2': 'Content Specialist at ByteDance', 'job_title3': 'Data Center Manager at Digital Realty'}"
34,10 months ago," Here's how we celebrated the Mooncake Festival at ByteDance ğŸ¥®The spirit of the Mooncake Festival is about reconnecting with and caring for loved ones at a time of year when the moon shines brightest in the sky.  With this in mind, we recently sent mooncake giftboxes to the ByteDancers in Asia and around the world who hold the tradition dear to their hearts. For each region, we took a localized approach to recognize local customs and reduce our ecological footprint.At #ByteDance, our mission to inspire creativity and enrich life starts with the wellbeing of our employees. At a time when many of us are working from home, this was one of numerous company initiatives we've launched to support and show appreciation for those who drive our success!",1,14,10,"{'comment1': ""Bad team. Terrible attendance. Misleading advertising! They don't respond to an email with feedback from the app developer (described in the Play Store itself), they make an offer when I open Facebook and I didn't comply with the promised Iphone11, and I completed it step by step on 08/25, asks to send a message directly on the TikTok site, shipping and still no return. A lot of lack of respect for the user and still makes an offer and I didn't comply with the agreement. There is no SAC and no ombudsman in Brazil. Only means of communication is by email and it doesn't work. I registered the complaint with Procon SP and they did not respond, disrespecting a public agency and a user. Site: consumer.gov , I complained here, and if I could give ZERO in the app I would, so I gave 1 star and reported the occurrence there and + once, being ignored. Kim Farrell #ByteDance"", 'comment2': 'ä¸­ç§‹èŠ‚å¿«ä¹', 'comment3': 'ä¸­ç§‹å¿«ä¹! ğŸ¥®', 'comment4': 'Why different from Beijingï¼Ÿ', 'comment5': 'So great design,I like it.', 'comment6': 'Why you got so many in the box? ğŸ˜€', 'comment7': 'ä¸­ç§‹èŠ‚ï¼Ÿè¿‡äº†å§ï¼Ÿ', 'comment8': 'this looks yummy!', 'comment9': 'hahaha lol, happy mooncake festival', 'comment10': 'So great design, shoot for the moon'}","{'username1': 'Lilian Machado Vechiato', 'username2': 'é«˜åº”æ™º', 'username3': 'Dina Epriansi Kristiana', 'username4': 'Xin Jin', 'username5': 'å¼ å¯Œä¸–', 'username6': 'Chuang Zhang', 'username7': 'chuck song', 'username8': 'Gabriel Simas', 'username9': 'Jeruel L.', 'username10': 'Moly Sun'}","{'job_title1': 'Profissional do Segmento Financeiro | GestÃ£o Comercial BancÃ¡ria | Investimentos e Mercado de Capitais | GestÃ£o de Pessoas e Desenvolvimento de NegÃ³cios | Programa Advisors de Alta Performance', 'job_title2': 'é«˜çº§å·¥ç¨‹ä¸»ç®¡', 'job_title3': 'Executive Media Planner at MediaCom | Full Stack Digital Marketing at RevoU', 'job_title4': 'UX Researcher II at Microsoft', 'job_title5': 'é£æ§ç»ç†', 'job_title6': 'Tech Lead at ByteDance', 'job_title7': 'Social Media Manager at Taslyå¤©å£«åŠ›æ§è‚¡é›†å›¢æœ‰é™å…¬å¸', 'job_title8': 'Head of Music & Creator Marketing LATAM na TikTok', 'job_title9': 'DeFi 2.0, NFT Launchpad, Automatic Market Market (AMM) Strategists/Evangelists,', 'job_title10': 'Sourcing'}"
35,11 months ago," We're proud to announce that ByteDance Singapore has been certified by Great Place to WorkÂ®! ğŸ†This certification was awarded based on surveys of ByteDancers in Singapore that provided a comprehensive picture of the employee experience.While the past year has been anything but ordinary and many of us are working from home, we've continued to support employees with initiatives like community townhalls, virtual concerts, wellbeing workshops, training sessions, and more. Together, we are fueled by a desire to inspire creativity and enrich lives around the world through cutting-edge technology.Thank you to our ByteDancers in Singapore for earning us this award -- we're just getting started!#ByteDance #Singapore #GPTWcertified",1,21,32,"{'comment1': ""Not only Singapore, ByteDance every office is best, not because of place but because of culture. I am proud that I worked for the world's best IT company."", 'comment2': '+1', 'comment3': 'Inspiring', 'comment4': 'Inspiring', 'comment5': 'Inspiring', 'comment6': 'Hi sir', 'comment7': 'haha funny...we report a hoax but nothing happen, tiktok suck!', 'comment8': ""Can someone help meI provided transcription service for Appen (outsourced by a person who claimed to be an intermediary between the company and us). We worked for three months, but they simply said that the work was over and that we won't be paid because we didn't reach 95% of success.Please can someone give us an opinionThanks in advance"", 'comment9': 'I also want to work here.', 'comment10': 'Inspiring', 'comment11': 'Hello dear tell me that when re open Tik Tok in Pakistan.', 'comment12': 'Way to go !!', 'comment13': 'Congrats to all of us in every ByteDance office :) ğŸ¤—', 'comment14': 'Sunayna Kaur', 'comment15': 'Good canteen too :)'}","{'username1': 'Jayesh Solanki', 'username2': 'Monsour Nava', 'username3': 'soumia lamnaouer', 'username4': 'Alan Castelino', 'username5': 'sagar pediredla', 'username6': 'Mohd Afsarullah', 'username7': 'Sunda Man', 'username8': 'Beatriz Santana', 'username9': 'Pooja Sharma', 'username10': 'Arun Lakhani', 'username11': 'Hassan Abbas', 'username12': 'Mohammed ABOUDA', 'username13': 'Natalia Naumova', 'username14': 'Sanveer Singh Bains', 'username15': 'George Yang'}","{'job_title1': 'Senior Operations Associate at ShareChat', 'job_title2': 'Transgender || Non-binary', 'job_title3': 'Content Moderator at Majorel Morocco', 'job_title4': 'Creator | Learner | Input | Activator | Command |', 'job_title5': 'Content operation specialist at Bytedance India', 'job_title6': 'Student at Integral University, Lucknow, Uttar Pradesh', 'job_title7': 'Co-Founder at bisnisfair.com', 'job_title8': 'Atendente geral na The AES Corporation', 'job_title9': 'Attended A.S.college of Education, kalal Majra,khanna', 'job_title10': 'Executive Director at Lcs Enterprises', 'job_title11': 'Attended UET Rasul', 'job_title12': 'Partner Operations Manager of Trust and Safety at ByteDance/Tiktok', 'job_title13': 'Now responsible 4 apps advertisers @TikTok', 'job_title14': 'IT Analyst', 'job_title15': 'Partner at Capital 49'}"
36,11 months ago," Say hello to Music Library Analyst and Harry Potter enthusiast Marina Anderi!One of the earliest members of our Resso team in Sao Paulo, Marina focuses on improving the technology that helps users find their favorite music.""When I joined the team, Resso was still in development and there was an exciting learning curve,"" Marina says. ""Despite being in my first job, I had the space to figure out my strengths and passions, then define my own role to match!""Outside of work, Marina is a long-time volunteer at Potterish, the biggest Harry Potter fansite in Latin America. She loves to create content and podcasts for her community, and was even invited to Universal Studios in Florida to cover the launch of a Hagrid rollercoaster in 2019.""I started reading Harry Potter when I was 12 years old and it's been a passion ever since. Being an avid consumer of media also helps add perspective to my work at ByteDance, where I'm always trying to connect my personal experience with what a user might want in their music.""Whether she's at Hogwarts or the office, Marina shows us what it means to bring real energy and creativity to everything we do. This is what life at #ByteDance is all about!",331,9,4,"{'comment1': 'Welcome to the family Marina. Hope to see you one day in Malaysia, from a fellow Malaysia BytedancerğŸ’™', 'comment2': 'Thank you, Shereen! Iâ€™d really love to go to Malaysia, for sure!', 'comment3': 'arrasouuu Marina Anderi ğŸ’š', 'comment4': 'Hi Marina Anderi ~', 'comment5': 'â¤ï¸â¤ï¸â¤ï¸', 'comment6': 'A fellow Potterhead!!! ğŸ’›', 'comment7': 'Yeaaaaah!'}","{'username1': 'Shereen Teoh', 'username2': 'Marina Anderi', 'username3': 'Diego Meleiro', 'username4': 'Nur K.', 'username5': 'JoÃ£o Cabral', 'username6': 'Jamie Lim', 'username7': 'Marina Anderi'}","{'job_title1': 'Quality Assurance | ByteDance (TikTok) | Trust & Safety', 'job_title2': 'Social Media/Community Management | Music Operations | Product Development | Video Editor', 'job_title3': 'Artist Relations Specialist - SoundOn na ByteDance', 'job_title4': 'Author | Editor | Proofreader | Creative Writer | Journalist', 'job_title5': 'Music Promotion Expert at ByteDance', 'job_title6': 'Educational Content Creator | Manager, Early Careers', 'job_title7': 'Social Media/Community Management | Music Operations | Product Development | Video Editor'}"
37,11 months ago," What is the world like in the eyes of those with developmental disabilities? Our User Experience Design team in China recently welcomed a group of young people with developmental disabilities to a painting workshop. Full of expression and creativity, the event inspired our designers to use their expertise and adapt the group's paintings into professional graphic designs.The #ByteDance mission is to inspire creativity and enrich life, and we're always proud to highlight the creativity we find in the communities around us!",503,1,5,{},{},{}
38,11 months ago," It's official: our 2022 Campus Recruitment is now LIVE! Click here to see how you can start your career at ByteDance: https://lnkd.in/gyQ3G7TVAt ByteDance, interns don't just push paper; they build technology and lead projects that fuel the growth of our products and user community around the world.If you're a student or recent graduate who's eager to reach new heights by challenging yourself, we'd love to meet you. Openings will be filled on a rolling basis, so apply early!#ByteDance #students #internships #campusrecruitment",304,9,33,"{'comment1': 'Great ğŸ‘', 'comment2': 'Please have your team reactivate my account @momlife.fyza I have a serious cyber bullying and harassment issue with a troll mass reporting and harassing me and my personal life a police report has been made as well. Your platform is banning all accounts I make with violations that are restored immediately after appeals. I have been patient with waiting for response but Iâ€™m being left with no choice in the past 3 months I lost 4 accounts with my main at 1.5 million with no explanation or more info other than community guidelines which is unfair because I have sent examples of so many people doing the same niche videos and I have MOMLIFE content please donâ€™t let the trolls win and return my account. My supporters watching this new account go down are wanting to go to media and do petitions and get every other platforms attention on this and I donâ€™t want to have to do any of that but am being left with no other option. Please help restore all my account immediately thanks I need help and restore my accounts please I have spent over $10,000 in building my accounts with gifts and livestreams itâ€™s completely NOT fair.', 'comment3': 'Is there any sde opening for new grad in U.S so far?', 'comment4': 'Oh, really? could you provide the specific link? cuz I just saw the sde opening based on Singapore! Really appreciate!', 'comment5': 'Great opportunity', 'comment6': 'Samrat Bhardwaj', 'comment7': 'Thankyou sir ', 'comment8': 'Pak Agus Rusli Thamrin , something for your daughter to look af in near future', 'comment9': 'kindly send details on akshay@sjcem.edu.in'}","{'username1': 'Wu JunLin', 'username2': 'Fyza (Siddiqui) Khawer', 'username3': 'Hui Su', 'username4': 'Hui Su', 'username5': 'chuck song', 'username6': 'Utkarsh sharma', 'username7': 'Samrat Bhardwaj', 'username8': 'Zulfan Hifzurrohman', 'username9': 'Akshay Rele'}","{'job_title1': 'TikTok Singapore is hiring, check my post to get internal referral opportunity!', 'job_title2': 'Foreclosure at LoanCare', 'job_title3': 'Software Engineer && Product Manager |Student Ambassador at Microsoftï½œWomen in technology | GHC2020| CS Master Student at University of California, Riverside', 'job_title4': 'Software Engineer && Product Manager |Student Ambassador at Microsoftï½œWomen in technology | GHC2020| CS Master Student at University of California, Riverside', 'job_title5': 'Social Media Manager at Taslyå¤©å£«åŠ›æ§è‚¡é›†å›¢æœ‰é™å…¬å¸', 'job_title6': 'Backend Engineer at Apple(Infosys) || Live Life and Automate', 'job_title7': 'SWE @ Atlassian || Ex @ Amazon || Mentor at pepcoding || Expert(1640) on CodeForces || 4 ğŸŒŸ on Codechef || 4 ğŸŒŸ on leetcode', 'job_title8': 'Head of Corp IT at Moladin', 'job_title9': 'Corporate Relations | Training And Placements | Delivery Management | Client Success | Business Dev.'}"
39,1 year ago, It always helps to have a loyal assistant while working from home!Happy #InternationalDogDay from ByteDancers and all our furry friends. ğŸ¶#ByteDance # #workingfromhome,1,30,29,"{'comment1': 'Lovely!!!', 'comment2': 'Lovely!', 'comment3': 'So nice', 'comment4': 'Is there a International Cats Day? :)', 'comment5': 'Yes on August 8th, we also celebrated this event in ByteDance with our lovely cats ğŸˆ\u200dâ¬›', 'comment6': 'How do people get work done? Iâ€™d just want to go for walks and play fetch. You can say Iâ€™m a dog-person ğŸ˜‚', 'comment7': 'My son on the lower right:)Way to go Ryo!\xa0 ğŸ’˜ ğŸ’œ ğŸ’› ğŸ’š ğŸ§¡ ğŸ’˜\xa0', 'comment8': 'Happy International ğŸ¶ day â¤ï¸ Looking good Rufus :)', 'comment9': ""I'm a proud pawrent!!!"", 'comment10': 'so cuteï¼', 'comment11': 'Nice ğŸ‘', 'comment12': 'the cuteness...is too much..WHOS A GOOD BOY..WHOS A GOOD BOYYYY. And if you heard that in the tone that you heard it in.. congratulations ğŸ¤£', 'comment13': 'Susanne Schwender', 'comment14': 'so cute~', 'comment15': 'Possessive for gifts ğŸ˜‚', 'comment16': 'Happy international dog day ğŸ¶cuties', 'comment17': 'Can every day be international dog day? ğŸ™ğŸ½', 'comment18': 'They are all so so cute ğŸ˜', 'comment19': 'Brendan DCruz Anisha George, Sandhya Nagpal'}","{'username1': 'Tammy H.', 'username2': 'Tingjuan Yang', 'username3': 'Shilpi Singh', 'username4': 'Zhihua L.', 'username5': 'Ricci Wijaya', 'username6': 'Gideon Howard Daniel', 'username7': 'Kokyew Lee', 'username8': 'Camille Pabustan', 'username9': 'Emily Teo Goralewski', 'username10': 'Amy Deng', 'username11': 'Angel Li', 'username12': 'Vignesh R.', 'username13': 'Tatiana Ferreira', 'username14': 'ç”³æµ·è™¹', 'username15': 'Chaitali Bhagat', 'username16': 'Turby Ho', 'username17': 'Harry Stone', 'username18': 'Narenjit Kaur', 'username19': 'Aswin Sridhar'}","{'job_title1': 'Aluminum profiles manufacture factory', 'job_title2': 'Duke Fuqua MMS | Peking University', 'job_title3': 'Learning and Development Consultant at Nirvana Soft, Bangalore', 'job_title4': 'Senior Software Engineer at Microsoft | Ex-Amazonian (AWS-S3) | Ex-GE | Top 3/100 Witness (Main Block Producer) of Steem Blockchain | PhD', 'job_title5': 'HR Business Partner, SEA at Warner Bros. Discovery', 'job_title6': 'Experienced Video Content Editor/ Creator', 'job_title7': '--', 'job_title8': 'Regional People Team, Senior Associate at Shopee', 'job_title9': 'Product Marketing Manager at TikTok', 'job_title10': 'Shenzhen Cheerlux Electronic Technology Co.,Ltd-Foreign Trade Sales', 'job_title11': 'Director Platform Solutions APAC at AdsWizz', 'job_title12': 'Project Manager & Account Manager | Gaming | Streamline Studios', 'job_title13': 'Content Creation Expert, Media Consultant & Publicist |10 Years International Media Experience| A Free-Thinker passionate about Impactful & Change Making Storytelling', 'job_title14': 'åœ¨è¯»å­¦ç”ŸğŸ˜Š', 'job_title15': 'Moj is Indiaâ€™s own short video app created locally by ShareChat', 'job_title16': 'Team Manager at Hays Life Sciences | Recruiting Experts in Pharmaceuticals and Consumer Healthcare', 'job_title17': ""Global Talent Acquisition Lead @ TikTok/ByteDance | Passionate about changing others' lives one job at a time"", 'job_title18': 'Quality Assurance Lead | Content Quality | TikTok | ByteDance', 'job_title19': 'Sales Manager - UK Retail at Google'}"
40,1 year ago," We're proud to share that ByteDance has started a fund dedicated to the preservation and restoration of ancient books. Ancient texts are of great cultural and historical importance around the world, and in China millions of copies are currently in dire condition. Our first donation of RMB 10 million is being used to support book restoration, digitization, and personnel training across the country. We've also launched campaigns on several of our apps (Douyin, Toutiao, and Xigua) to raise awareness about book restoration initiatives and the importance of ancient literature. Whether it's on or offline, we're honored to do our part in preserving these invaluable fragments of history!#ByteDance #preservation",583,20,12,"{'comment1': 'Great initiative\xa0', 'comment2': 'Great job', 'comment3': 'Fantastic', 'comment4': 'Love this!', 'comment5': 'there are many wisdoms and tales in China ancient books, itâ€™s great thing to keep them alive forever..I love China ancient books, I love the fragment of history', 'comment6': 'Love thisï¼', 'comment7': ""Love this project as it's a real human treasure need to be kept and conserved"", 'comment8': ""Fascinating how China is perhaps the most digitalized society in the world, yet people in China love books like in few other countries I've been to. Great to see a society that cares about its history and culture."", 'comment9': 'Love this', 'comment10': 'Amazing initiative that really gives back to society and preserve our history and culture too. Would love to do this in Singapore!', 'comment11': 'Love this', 'comment12': 'This is amazing!', 'comment13': 'Well deserved', 'comment14': 'æ–‡æ˜çš„è®°å¿†ï¼Œå†å²çš„è¶³è¿¹', 'comment15': 'Excellent initiative to preserve ancient timeless wisdom for present and future generations ğŸ‘ğŸ‘ğŸ™', 'comment16': 'Amazing stuffs', 'comment17': 'This is a part of Digital Humanities, you can hire people from this field as well.', 'comment18': 'I would read every ancient text given it was my job to do so.', 'comment19': 'Important investment. It will allow new generations to see ancient legacy.', 'comment20': 'Brilliant, love this!'}","{'username1': 'Hari Krishan Yadav', 'username2': 'Chaimae Ouisnaf', 'username3': 'Laurell Boyers-Bastiani', 'username4': 'Sabeena Ahamed', 'username5': 'Beck Jiao', 'username6': 'Lingzi Liu', 'username7': 'Ahmad Cheikh Aldeaa', 'username8': 'Harald Buchmann', 'username9': 'Asif Khan', 'username10': 'Eileen Khoo', 'username11': 'Jie Wu', 'username12': 'Vladimir Prostran', 'username13': 'Ola Badawy', 'username14': 'Bob Yuäºæ´ªæ³¢', 'username15': 'Tow Heng-Fong', 'username16': 'Lionel Sim', 'username17': 'Aman Giri', 'username18': 'âœ¨ Gunreet Bal âœ¨', 'username19': 'Maxim Rogachev', 'username20': 'Hemant Arora'}","{'job_title1': 'Real Estate & Facility Manager at ByteDance', 'job_title2': 'community content specialist at ByteDance', 'job_title3': 'Studio Operations Coordinator at Musixmatch', 'job_title4': 'Customer Success', 'job_title5': 'Account manager', 'job_title6': 'Senior Vice President, Head of Corporate Citizenship', 'job_title7': 'Facility specialist', 'job_title8': 'International PR at HoYoverse', 'job_title9': 'Ex-Bytedancer', 'job_title10': 'Marketing & Communications Professional at ISG | Advocate of Factfulness and DigitalisationğŸ“²', 'job_title11': 'True immersive display through Computer Generated Holography- CGH', 'job_title12': 'Partner, Data & Tech', 'job_title13': 'Customer Service Support Manager at Shary', 'job_title14': 'ä¸­å›½è´¨é‡åä¼šChina Association for Quality - Deputy Director of International Exchange Department', 'job_title15': 'Family Office Advisor - mentor/coach Business Owners/Next Generation leaders rethink/prioritise Family Office objectives', 'job_title16': 'Global Marketing, Partnerships, Growth, Ecosystem @TikTok | AdAge 40 under 40 | @Apple | @WeChat | @Stanford', 'job_title17': 'MSc Digital Humanities | Data Science | Machine Learning | R programming | Python', 'job_title18': 'Marketing Communications Manager | Social Media | Passionate Writer', 'job_title19': 'Customer Service, Project management', 'job_title20': 'TikTok, ByteDance | Global Business Solutions| APAC & India'}"
41,1 year ago," We're proud to announce that a team of ByteDance researchers has won the Association for Computational Linguistics (ACL) 2021 Best Paper Award! ğŸ†ACL is a premier academic conference in natural language processing and computational linguistics. This year, 3,350 papers were submitted, with best paper honors going to a team of our researchers in the field of machine learning.In the paper, the team proposed a simple yet efficient machine translation solution named VOLT, which outperforms its counterparts in diverse scenarios and reduces resource consumption.VOLT is now open source to developers across the globe, and will be applied to machine translation in our own suite of products. Check it out here: https://lnkd.in/g32UfH2C",654,14,7,"{'comment1': 'Great job', 'comment2': 'Great work', 'comment3': 'Congratulations', 'comment4': 'Congratulations.', 'comment5': 'Congratulations', 'comment6': 'Congratulations', 'comment7': 'Love this', 'comment8': 'Great News!! Congratulations for all team ğŸ¥³', 'comment9': 'Congratulations', 'comment10': 'ğŸ‘ğŸ‘ğŸ‘', 'comment11': 'Inspiring', 'comment12': 'nice! Let me know if any ByteDance researchers want to collaborate on research on algorithmic commerce, virtual influencers etc. would love to.', 'comment13': ""Congrats . Hello I'm interested in joining your team in Casablanca Morocco,can you send me the email where I can send my resume. And thank you. here's mine Bekkouchemehdi41@gmail.com."", 'comment14': 'Congrats ğŸ‘ğŸ‘ğŸ‘ğŸ‘.. Byte dance is the best ğŸ˜'}","{'username1': 'Santosh Kumar', 'username2': 'maharun hasibuan', 'username3': 'Nurul Najiha', 'username4': 'M Shakhawat Hussain', 'username5': 'Eslam Awad', 'username6': 'Sunnyy Vyas', 'username7': 'Ritika Bhardwaj', 'username8': 'Ana Luisa Calvo', 'username9': 'Shambhavi Mishra', 'username10': 'Amy Qin', 'username11': 'Kaiwei Chen', 'username12': 'Dr. Markus Rach', 'username13': 'Mehdi Bekkouche', 'username14': 'Sanooja Kabeer'}","{'job_title1': 'Student at GGS College of Modern Technology, Kharar', 'job_title2': 'Business Executive Medical Device di Demka Sakti', 'job_title3': 'Order Management at YCH Group', 'job_title4': 'Product Manager @ ByteDance | Ex Shopee', 'job_title5': 'Independent Translation and Localization Professional', 'job_title6': 'Growing Indie Community @wynk', 'job_title7': 'Content Moderator', 'job_title8': 'Geographer Engineer with a postgraduate in Biotrade and Sustainable Development. Skills languages Spanish (native), English, and Portuguese (advanced level), Korean (basic level).', 'job_title9': 'Associate Manager - Moj, Category Growth', 'job_title10': 'SOMIC â€” Sales Manager', 'job_title11': 'Product Lead at ByteDance', 'job_title12': 'I help companies rock marketing, not just advertising!', 'job_title13': 'call center agent /TEFL certified teacher/English content moderator', 'job_title14': 'worked as a content moderator for a prominent app.'}"
42,1 year ago," Thereâ€™s always time for self-care! Earlier this year, we launched a Healthy Eating & Physical Wellness campaign for ByteDancers around the world. Featuring nutrition webinars, virtual Tai Chi and Yoga sessions, cooking classes, and more, our campaign energized more than 1,000 employees to get proactive about their health.Over the course of two months (including 20-day healthy eating and active lifestyle challenges), ByteDancers managed to inspire one another and celebrate wellness together while working from home. Here's to making these habits last a lifetime!#ByteDance #wellness",274,9,10,"{'comment1': 'keep healthy keep lively', 'comment2': 'Awesome! We need our body and mind healthy to do our tasks wherever we work from!', 'comment3': ""That's fantastic. We recently launched a health and well-being company specifically looking at, as your post mentions, *creating healthy habits*. (diet, exercise, sleep, work-life balance, stress management) www.thewholehealthpractice.com"", 'comment4': 'ğŸ‘', 'comment5': 'Do you have any fitness offerings for your Disabled employees? adaptiveyogalive.com', 'comment6': 'Wowww.awsm. Health is wealth..', 'comment7': 'å¦‚æœï¼Œä½ æœ‰æ—¶é—´è¿‡æ¥æˆ‘åŠå…¬å®¤å–èŒ¶ï¼Œè¿™ä¸ªç”Ÿæ„é€‚åˆä½ ã€‚è’‚çƒ¨å¤§æ•°æ®ç§‘æŠ€(å¹¿å·)æœ‰é™å…¬å¸ã€‚APPæµé‡å˜ç°æœåŠ¡å…¨å›½é¦–åˆ›ã€‚APPæ•°æ®å˜ç°ï¼Œæœˆå…¥ç™¾ä¸‡ä¸æ˜¯æ¢¦ã€‚ç°åœ¨è¿™å‡ ä¸ªæˆ‘å…¬å¸åˆšåˆšå¯¹æ¥çš„:1.ETCè½¦å®APP:35ä¸‡æ—¥æ´»é‡ã€‚2.é—ªæ­ŒAPP:5ä¸‡æ—¥æ´»é‡ã€‚3.ç™¾å§“æ±‡äº«APP:10æ—¥æ´»é‡ï¼Œæ¯ä¸ªæ—¥æ´»å¤§æ¦‚0.3å…ƒ/æ—¥æ´»ã€‚ä¸Šé¢ä¸‰ä¸ªAPPæ€»å…±50ä¸‡æ—¥æ´»ï¼Œæˆ‘åˆ°æ‰‹çš„æ”¶å…¥æ˜¯å¤šå°‘ï¼ŸAPPåˆæ˜¯å¤šå°‘ï¼Ÿè’‚çƒ¨å…¬å¸åˆæ˜¯å¤šå°‘ï¼Ÿ1.APPä¸»ä¸è’‚çƒ¨5:5åˆ†æˆ:å„å¾—225ä¸‡å…ƒ/æœˆã€‚50ä¸‡æ—¥æ´»âœ˜0.3å…ƒ/æ—¥æ´»âœ˜30å¤©/æœˆâœ˜50%(APPä¸»ä¸è’‚çƒ¨å„å¾—50%)=225ä¸‡å…ƒã€‚2.å…¥èŒäººå‘˜å’Œè‚¡ä¸œï¼Œéƒ½æ˜¯æŒ‰ç…§30%ææˆ:225ä¸‡å…ƒâœ˜30%=67.5ä¸‡å…ƒ/æœˆã€‚3.æ¨èäºº:225ä¸‡å…ƒâœ˜10%=22.5ä¸‡å…ƒ/æœˆã€‚ä»¥ä¸Šéƒ½è§†è¿è¡Œæƒ…å†µè€Œå®šã€‚æˆ‘ä»¬ä¸APPä¸»çš„åˆåŒï¼Œè§„å®šç­¾2å¹´æœŸã€‚è”ç³»äººï¼Œè‚–è€å¸ˆ13903065532å¹¿å‘Šä¸šåŠ¡æ˜¯äº”å¤§å¤´éƒ¨ç»™æˆ‘ä»¬å…¬å¸çš„ï¼Œä»Šå¹´æˆ‘å…¬å¸è¦å®Œæˆ30äº¿å…ƒå¹¿å‘Šä¸šåŠ¡åˆ†é…ä»»åŠ¡ã€‚'}","{'username1': 'Dorothy Choi', 'username2': 'Paulo Salvador Martorelli Junior', 'username3': 'Alastair Hunt', 'username4': 'Pedro Machado', 'username5': 'Miranda McCarthy', 'username6': 'Sanooja Kabeer', 'username7': 'è‚–è´¤å£°'}","{'job_title1': 'King World Toys Co,. Ltd- Amazon Seller', 'job_title2': 'Ex TikTok | Content Creator | +1 Million Followers Generated on TikTok | Social Media | Digital Marketing | Influencer', 'job_title3': 'Health Coaching / Nutrition / Lifestyle', 'job_title4': 'Project Manager & Digital producer for Google Cloud Latin America', 'job_title5': 'CEO at Wavelength VR, Accessibility, Disability Rights Activist', 'job_title6': 'worked as a content moderator for a prominent app.', 'job_title7': 'æœ¬äººæ¥è‡ªæ™®å®å¹¿å·äººï¼Œæ›¾å°±èŒå¹¿çŸ³åŒ–ç ”ç©¶æ‰€ï¼Œ2013å¹´æš¨å¤§EMBAæ¯•ä¸šï¼Œé«˜çº§å·¥ç¨‹å¸ˆï¼Œè¯„å®¡ä¸“å®¶ï¼Œæ‹…ä»»è¶…è¿‡50é¡¹ç¯ä¿ç±»è¯¾é¢˜ç ”ç©¶è´Ÿè´£äººï¼Œç‹¬å¾—äºšè¿æ±¡åºŸå¤„ç†ç§‘ç ”ç»è´¹500ä¸‡å…ƒï¼Œç‹¬è‡ªæ‹¥æœ‰35é¡¹å‘æ˜ä¸“åˆ©ã€‚'}"
43,1 year ago," ByteDancers in Singapore are celebrating National Day in style...alongside their best work-from-home buddies!To take care of our local employees during the holiday, we delivered gift boxes with an array of work-from-home necessities, including snacks, household items, hand sanitizer, and a virus testing kit. From all of us at #ByteDance, we hope everyone in Singapore can stay healthy, safe, and happy during these challenging times.",605,10,5,"{'comment1': 'Anyone who treats a dog will get my like. We donâ€™t deserve dogs, they are just too awesome', 'comment2': 'How lovely ğŸ¥° ! I wish I could be part of this activity, and I can share my fur-baby photo reviving the National Day gift ğŸ’', 'comment3': 'Great initiative!', 'comment4': 'Is ByteDance worker in Malaysia will receive also for National Day end of this month? ğŸ˜…', 'comment5': 'You need a MÄoBox for the cats too.', 'comment6': 'Aloysius Lee whereâ€™s Kobe', 'comment7': 'is the pet included?', 'comment8': 'ByteDance even taking care of our pets. Amazing ğŸ˜»', 'comment9': 'Bravo'}","{'username1': 'Kristof Lukovich', 'username2': 'Caandice Lee', 'username3': 'Min Quan Lee (MQ)', 'username4': 'Syed Syahir', 'username5': 'fiona H.', 'username6': 'Firdaus Firlany', 'username7': 'Alexander Goh', 'username8': 'Ameer Hamza (MBA)', 'username9': 'Jose Luis Artiles'}","{'job_title1': 'Freelance Head of Digital | Digital Transformation and Ecommerce Specialist | Board Advisor | Start-up Mentor', 'job_title2': 'Art Director, Multidisciplinary Designer, UX/UI Designer with Creative and Media Entertainment Experience', 'job_title3': 'Head of Strategic Accounts (Payments & In-Store) | Ex-Lazada', 'job_title4': 'Content Safety Analyst Non-Lang(Sri Langka Market APAC) @ Tiktok | Trust & Safety | Ex-Concentrix (Indeed.com).', 'job_title5': 'Digital Sales and Marketing | Brand Management & Communications | Partner Account Management | Retail and Event Marketing | Co Founder at MÄoBox', 'job_title6': 'Executive Producer at Eco-Business', 'job_title7': 'Venture Builder | Fintech & Ecommerce', 'job_title8': 'Content Community Management Specialist @ TikTok | Relationship Management | E-Commerce Specialist | Sales Specialist | Lean Six Sigma Certified | Digital Marketing | Business Development Specialist | Team Leader', 'job_title9': 'Roasted premium pork Ghost Kitchen / Language schools / Logistic & Business Centre in the Mid Atlantic, 60 miles from West Africa'}"
44,1 year ago," Our hearts are with the victims of the recent flooding in Henan, China. We're touched by the response from our employees, many of whom have taken action to support rescue efforts in the province. Among these is ByteDancer Xu Zhiqiang (shown below), who started a volunteer rescue team, raised money for a lifeboat, and has saved over 100 people.â€œI've met people from all across China who have come to help the rescue efforts,"" Xu says. ""Seeing this solidarity and support for my hometown makes me believe that we can overcome anything together.""Xu's story is just one of many. Our employee donation channel has received nearly 30,000 donations so far, and countless ByteDancers have rallied to facilitate the transport of supplies and search for missing people.ByteDance is also donating RMB 100 million to fund relief efforts and support children who have been affected by the disaster. We hope that our support can make a difference in helping victims of the flood get back on their feet.#ByteDance #Henan",940,16,13,"{'comment1': 'solidarity', 'comment2': 'è°¢è°¢ğŸ™', 'comment3': 'å­—èŠ‚è·³åŠ¨yyds', 'comment4': 'Together', 'comment5': 'Amazing project from ByteDance colleagues!', 'comment6': 'Full Respect to those who helped.', 'comment7': 'Prayers for Henan.', 'comment8': 'Tks so much', 'comment9': 'Thatâ€™s great Xu, prayers and support to you for this amazing rescue mission', 'comment10': 'è°¢è°¢ğŸ™', 'comment11': 'Prayers for flood victims ğŸ™ #linkedinfamily #supportnetwork #volunteerwork #hopeandhealing', 'comment12': 'Thoughts and Prayers from your friends here in the US. Stay safe.', 'comment13': 'Best wishes to the people of Henan and the rescuers. Take care.'}","{'username1': 'æ¢ä¸–æ•¬', 'username2': 'Yangping H.', 'username3': 'åˆ˜æ–‡èª', 'username4': 'Maggie Yang', 'username5': 'Harald Buchmann', 'username6': 'Yatto Leung', 'username7': 'âœ¨ Gunreet Bal âœ¨', 'username8': 'å­Ÿå©µ', 'username9': 'Salman Malik', 'username10': 'æ¨æ™“äº®', 'username11': 'AMÂ£Y PRADHAN', 'username12': 'Tony Bailey', 'username13': 'Edmund Lim WK'}","{'job_title1': '--', 'job_title2': 'UIè®¾è®¡å¸ˆ', 'job_title3': 'é˜¿é‡Œäº‘ åŸºç¡€å¹³å°ç ”å‘å·¥ç¨‹å¸ˆ', 'job_title4': 'Welcome every opportunity', 'job_title5': 'International PR at HoYoverse', 'job_title6': 'Business Analyst at Bamboo Networks', 'job_title7': 'Marketing Communications Manager | Social Media | Passionate Writer', 'job_title8': 'å¹¿å·ç™¾è¯ºä¼‘é—²è¿åŠ¨ç”¨å“æœ‰é™å…¬å¸- CEO', 'job_title9': 'Market Point of Contact - Trust & Safety (MPOC PK) at ByteDance', 'job_title10': 'çƒ­çˆ±ç”Ÿæ´»ç§¯æå‘ä¸Šåˆ©ä»–ä¸»ä¹‰', 'job_title11': 'Smarter Medicare Advantage Solution Specialist', 'job_title12': 'Digital Channel Manager', 'job_title13': 'Executive Director of University Partnerships-APAC at ThriveDX & Lifelong Learner'}"
45,1 year ago," Say hello to Sarah, a Backend Engineer on our Global Payments Team in Singapore! After graduating with a Master's in Electronics from Nanyang Technological University last summer, Sarah took a leap of faith by starting a role not directly related to her major.""The learning curve was steep at the start, but my teammates were patient and willing to share their time and perspectives,"" Sarah says. ""Being surrounded by people with so many different talents and experiences has allowed me to grow and dive deep into the tech I'm passionate about!""Before coming to #ByteDance for her first full-time job, Sarah wondered whether she would have the room to be heard and make an impact.""I was amazed to find that my leaders and teammates were always open to fresh concepts and new ideas. At ByteDance, we set our egos aside at the door and rely on each other to make the best collective decisions.""If you're excited to join Sarah in building industry-leading technology, we're hiring! Check out our global engineering opportunities here -> https://lnkd.in/gt6bDtXM",866,15,7,"{'comment1': 'Nice on Sarah, but I have to ask, is the cat next to you real or not?', 'comment2': 'Same questionğŸ¤£', 'comment3': 'wow, adorable...and her mug is huge!', 'comment4': 'Excellent woman!', 'comment5': 'Hello Sarah... ğŸ¤£', 'comment6': 'ğŸ‰ğŸ‰ğŸ‰', 'comment7': 'we love Friends!', 'comment8': 'Excellent', 'comment9': 'Bytedance seems hired the best of the best'}","{'username1': 'Oleksii (Alex) Razhyk', 'username2': 'Kaixiong (Ted) LIN', 'username3': 'Kyosuke IWAI', 'username4': 'Justin Peter', 'username5': 'David Lyu', 'username6': 'Wu JunLin', 'username7': 'Nicole Liu', 'username8': 'Xinyu Xie', 'username9': 'Ronald Lau'}","{'job_title1': 'Helping worlds largest unicorn grow even bigger', 'job_title2': 'Staff Software Engineer/Architect at Spirent Communications', 'job_title3': 'Venture Support Japan LLC. - CEO', 'job_title4': 'Technician at Toyota Motor Corporation', 'job_title5': 'Marketing Manager at SEESHEEN ENDOSCOPE', 'job_title6': 'TikTok Singapore is hiring, check my post to get internal referral opportunity!', 'job_title7': 'å­—èŠ‚è·³åŠ¨ - å¤§å®¢æˆ·é”€å”®ç»ç†', 'job_title8': 'å­¦ç”Ÿ - é©¬æ¥äºšå¤§å­¦', 'job_title9': 'Content Media | Digital Marketing | Logistics'}"
